,timestamp,caption,like_count,comments_count,media_type,media_product_type,media_url,permalink,id,comments.data,thumbnail_url
0,2022-12-30T02:05:19+0000,üíõ,30,0,CAROUSEL_ALBUM,FEED,https://scontent.cdninstagram.com/v/t51.29350-15/322778200_3359512214268300_8037939719050379800_n.jpg?_nc_cat=102&ccb=1-7&_nc_sid=8ae9d6&_nc_ohc=ufWpuEajkfcAX8VRx99&_nc_oc=AQnMwYgdVNWdFUZlU8ExJKqi0RvQkhMR3M9dE0ckc7Y8fRfKXmWg4Em48WwptGMeaT4-ySscV1qFImp3oe6PZy2d&_nc_ht=scontent.cdninstagram.com&edm=AM6HXa8EAAAA&oh=00_AfDiTBBEdFcujzku_o3pvHLtFAOhcekVRjennaNeqhPVSw&oe=63ED3330,https://www.instagram.com/p/CmxlFotJyli/,18336168253034275,,
1,2022-12-27T20:48:37+0000,"With power comes responsibility.

In the fitness space, people get excited about how AI can analyze movement, but what I am most excited about is how to use AI to help people adopt healthier lifestyles--we generally know it's important to exercise, but doing it is challenging.

If Netflix and YouTube can recommend content you'll find interesting, how can a health app recommend a health practice that you'll adopt to improve your health long term?

The recommendation will likely need to account for and adapt to your preferences, personality, knowledge/skills, and life stage. It also must be the right level of difficulty: If it's too challenging, you'll get discouraged and give up. If it's too easy, you might not get much benefit or lose motivation.

What application of AI are you most excited about? 

@aiforgood_foundation",5,2,IMAGE,FEED,https://scontent.cdninstagram.com/v/t51.29350-15/321958621_579630850642218_1418582233562155559_n.jpg?_nc_cat=110&ccb=1-7&_nc_sid=8ae9d6&_nc_ohc=XGI3z-4vVzIAX_YDyBN&_nc_ht=scontent.cdninstagram.com&edm=AM6HXa8EAAAA&oh=00_AfDtdh8ZRrtaHfsV98x2pD1RkjiqjqXZdBmLmOp1WMyAHw&oe=63EC8AFC,https://www.instagram.com/p/Cmr3QXSSDdE/,18033248329425680,"[{'timestamp': '2022-12-27T21:04:59+0000', 'text': 'üôå', 'username': 'aiforgood_foundation', 'like_count': 0, 'id': '17959095329223682'}, {'timestamp': '2022-12-27T20:52:10+0000', 'text': 'PROMOTE IT ON @CANADIAN.COMMUNITY', 'username': 'videocou12', 'like_count': 0, 'id': '17881600202728388'}]",
2,2022-12-27T03:31:51+0000,"While my podcast feed is mostly filled with podcasts on data science, health, and fitness, the Hidden Brain podcast is one that people from all industries will find interesting. This most recent episode features scientist and science communicator Katy Milkman, and it‚Äôs just in time for the new year, since it discusses strategies on how to follow through on our goals.",5,1,IMAGE,FEED,https://scontent.cdninstagram.com/v/t51.29350-15/321834739_563499202294809_1673127779555148359_n.jpg?_nc_cat=107&ccb=1-7&_nc_sid=8ae9d6&_nc_ohc=_G11jtXHQsgAX-qwE_c&_nc_ht=scontent.cdninstagram.com&edm=AM6HXa8EAAAA&oh=00_AfA_uJYhVwY3bgar0TA32n8NgXsB3KDbMD2GmA0--1-kBA&oe=63ECDD62,https://www.instagram.com/p/CmqAm0tL1u1/,17980063225869664,"[{'timestamp': '2022-12-28T16:45:59+0000', 'text': 'I‚Äôll have to check this out! Thank you', 'username': 'monikafronc_pilatesportal.ca', 'like_count': 0, 'id': '17923241108530404'}]",
3,2022-12-22T19:35:45+0000,"Here's the link to the Super Data Science podcast that discusses essentials fo data visualization for storytelling: 

superdatascience.com/637",4,0,CAROUSEL_ALBUM,FEED,https://scontent.cdninstagram.com/v/t51.29350-15/320716792_636088561600429_2604632901986035763_n.jpg?_nc_cat=102&ccb=1-7&_nc_sid=8ae9d6&_nc_ohc=JxasvlqlujYAX8KCr_z&_nc_ht=scontent.cdninstagram.com&edm=AM6HXa8EAAAA&oh=00_AfBiX89UnhqXxDoizmVpMYhB-K3LtSW_b8olj8y3KjscfA&oe=63EC5DC8,https://www.instagram.com/p/Cme28PFuJ57/,17926236674624239,,
4,2022-12-21T22:44:24+0000,"This neighboring house has these long sharp icicle hanging from all along its roof edges, while none of the other houses I saw had them. It got me thinking about the importance of good design; I would NOT want to be walking under one of these vanishing daggers if they dropped.

Have you seen any similar icicles? Drop a photo in the comments!",11,5,IMAGE,FEED,https://scontent.cdninstagram.com/v/t51.29350-15/320784492_554115546262234_5811064999706762572_n.jpg?_nc_cat=103&ccb=1-7&_nc_sid=8ae9d6&_nc_ohc=jIzaaq9ICbMAX-F9Hh-&_nc_ht=scontent.cdninstagram.com&edm=AM6HXa8EAAAA&oh=00_AfBaJe1l9p8mMGJkUksOeGMAr-gYyX2U6pfcOqqj2jrHVg&oe=63ED9A47,https://www.instagram.com/p/CmcnvFpOYeN/,17939812733373203,"[{'timestamp': '2022-12-24T20:57:54+0000', 'text': ""I took a house building course a few years ago and learned that many builders (by design or error) don't extend the ice shield far enough in.  It leads to icicles and, worse, ice dams that can damage roofs and cause water intrusion.  They're so pretty, though!"", 'username': 'familysleep.ca', 'like_count': 0, 'replies': {'data': [{'timestamp': '2022-12-24T22:47:33+0000', 'text': '@familysleep.ca , That‚Äôs too bad that this is still an issue. I saw a building downtown that had that issue as well.', 'username': 'silvialiftsweights', 'like_count': 0, 'id': '17926692215629025'}]}, 'id': '18159235279278873'}, {'timestamp': '2022-12-21T22:50:35+0000', 'text': 'They need better insulation!', 'username': 'pomopaleo', 'like_count': 1, 'replies': {'data': [{'timestamp': '2022-12-21T23:17:20+0000', 'text': '@pomopaleo , I figured there was a reason that I just didn‚Äôt understand ha ha', 'username': 'silvialiftsweights', 'like_count': 1, 'id': '17970447049881743'}]}, 'id': '17930607224498564'}, {'timestamp': '2022-12-21T22:50:22+0000', 'text': 'Promote it on @toronto_successlyf üá®üá¶', 'username': 'montp126', 'like_count': 0, 'id': '17952507461190892'}]",
5,2022-12-20T00:21:15+0000,"There are already apps that do what personal trainers do: Creating goal-specific exercise programs, providing exercise demos, and even checking form. Will it put trainers out of work? 
No; here‚Äôs why:
1. The main challenges in fitness relate to getting people to adopt resistance training and continue long term, not simply knowing what to do. A good trainer doesn‚Äôt just check form; they help people DO the things that are aligned with their motivations and abilities.

2. Even when computer vision becomes advanced enough to distinguish between subtle differences in exercise technique, differences in muscle activation patterns (which can make the difference between pain vs. no pain) cannot always be be seen, even by an expert coach. A good movement coach knows the right questions and cues to use for the individual in front of them.

What WILL happen is that these AI-based fitness products will:

- Allow more people to exercise smarter.

- Weed out low quality exercise professionals and force remaining ones to up their standards.

- Make it easier for exercisers and fitness professionals to make data-informed decisions through easier data tracking and visualization.

What do you think?",17,0,VIDEO,FEED,https://video.cdninstagram.com/v/t50.16885-16/321108865_1353501322055256_5981907495892703203_n.mp4?_nc_cat=108&vs=699350655056538_1292635174&_nc_vs=HBksFQAYJEdJRzdJeE5ZRG9HVkFNOEVBT05YN29zc0FRUlRidlZCQUFBRhUAAsgBABUAGCRHTTR2SkJQWERvOTl1WkFBQUxONmJ2b1lveklzYnZWQkFBQUYVAgLIAQAoABgAGwGIB3VzZV9vaWwBMRUAACbqzsaq3vXrPxUCKAJDMywXQFRx64UeuFIYEmRhc2hfYmFzZWxpbmVfMV92MREAdewHAA%3D%3D&ccb=1-7&_nc_sid=59939d&efg=eyJ2ZW5jb2RlX3RhZyI6InZ0c192b2RfdXJsZ2VuLjEyODAuaWd0diJ9&_nc_ohc=9suKUnTlsdcAX-kp1Cn&_nc_ht=video.cdninstagram.com&edm=AM6HXa8EAAAA&oh=00_AfBAb9FiJz91FRKUYYhTkZtBMmtNi38XkAyLXtPpoeh1aA&oe=63E8C7EE&_nc_rid=04841431cb,https://www.instagram.com/tv/CmXpML9ARCb/,17956519238480356,,https://scontent.cdninstagram.com/v/t51.29350-15/321072428_5156993421067071_8697996024193895709_n.jpg?_nc_cat=110&ccb=1-7&_nc_sid=8ae9d6&_nc_ohc=bRwhYh0svV0AX9aFin_&_nc_ht=scontent.cdninstagram.com&edm=AM6HXa8EAAAA&oh=00_AfDQsOX-udBxLwlg4oah2zNGU-nHWix3apSl-D04cSZEgQ&oe=63ECA89F
6,2022-12-19T02:31:55+0000,"In 2021 I got the audiobook Weapons of Math Destruction by Cathy O‚ÄôNeil after joining a book club for women in STEM. It discusses the dangers of artificial intelligence algorithms in perpetuating social inequalities. I had no idea at the time that I would embark on a career where I would be developing AI algorithms. I‚Äôll be relistening to this book, this time with the perspective of a data scientist.

Have ideas on how to change AI to reduce social inqualities? Comment below!",8,4,IMAGE,FEED,https://scontent.cdninstagram.com/v/t51.29350-15/320415394_685852956598533_1725904786646388979_n.jpg?_nc_cat=105&ccb=1-7&_nc_sid=8ae9d6&_nc_ohc=0fxFwKve9ooAX9AM4I0&_nc_ht=scontent.cdninstagram.com&edm=AM6HXa8EAAAA&oh=00_AfBTDQe7l7ypr_rH0NNXsFRGepg0jRzuk5lvzDijMNGfgg&oe=63ED35F4,https://www.instagram.com/p/CmVTY53MA-u/,18065247544353846,"[{'timestamp': '2022-12-19T05:31:59+0000', 'text': ""Thanks for sharing! I'm going to listen to it. ‚ù§Ô∏è"", 'username': 'nicogruzling', 'like_count': 1, 'id': '17999843788522715'}, {'timestamp': '2022-12-19T02:41:55+0000', 'text': ""Let's revitalize Stemminist Book Club!!!"", 'username': 'khristine.carino', 'like_count': 1, 'id': '18235685167154631'}, {'timestamp': '2022-12-19T02:41:00+0000', 'text': 'I have been wanting to read this book!', 'username': 'carmesan604', 'like_count': 0, 'replies': {'data': [{'timestamp': '2022-12-19T03:36:03+0000', 'text': '@carmesan604 , I listened to it when commuting, walking, or doing stuff around the house.', 'username': 'silvialiftsweights', 'like_count': 0, 'id': '18336079657028927'}]}, 'id': '17935123997568248'}]",
7,2022-12-17T19:54:21+0000,"Why walking or cardio are important, but not enough to keep you fit.

Lifting weights and resistance training are not just just for athletes or people who want to change their appearance; it helps to:

- Increase strength. That way, you can do everyday activities more easily with less pain/injury.
- Counteract muscle imbalances. Most sports and cardio activities (e.g. running, cycling, hiking) inherently train some muscles and not others. A good resistance training program systematically targets the various parts of the body to help you maintain good posture and reduce aches/pains.
- It counteracts the effects of ageing: Falls, broken hips, frailty, and stooped posture should not be accepted as inevitable.

Have questions or want to discuss? Comment below as this is a topic I‚Äôm passionate about.",19,1,IMAGE,FEED,https://scontent.cdninstagram.com/v/t51.29350-15/320445053_5977443735640757_7997636783581808369_n.jpg?_nc_cat=103&ccb=1-7&_nc_sid=8ae9d6&_nc_ohc=XbTsjg2Sn8MAX8eJd_f&_nc_ht=scontent.cdninstagram.com&edm=AM6HXa8EAAAA&oh=00_AfBTM6zDEEh73lJO2zeIYRG3RLi7XygkjOf6GJREHChyiA&oe=63ED9902,https://www.instagram.com/p/CmSBGJ7Osyg/,18154936198280489,"[{'timestamp': '2022-12-17T20:04:46+0000', 'text': 'Promote it onüá®üá¶ @vancouver.community_', 'username': 'pardeep.birt.73', 'like_count': 0, 'id': '17910317504676350'}]",
8,2022-12-13T21:48:46+0000,"I just finished my diploma in data science from @lighthouselabs and am excited for the new opportunities this opens in the tech sector! 

A bit about me: I have Master of Science in kinesiology and been working as a kinesiologist and personal trainer since 2014. My ideal next step is to work in an organization that uses technology and products to promote health/fitness on a large scale, such as health apps, gyms, or fitness product manufacturers. 

My ask: If you have a connection with such an organization and they are open to chat, I‚Äôd love to learn more about that business, even if there are no job current openings.",27,4,IMAGE,FEED,https://scontent.cdninstagram.com/v/t51.29350-15/319325862_2421265551356834_6367359979201721773_n.jpg?_nc_cat=103&ccb=1-7&_nc_sid=8ae9d6&_nc_ohc=OjnAkRCj8pIAX-XeRYS&_nc_ht=scontent.cdninstagram.com&edm=AM6HXa8EAAAA&oh=00_AfAaf8F0Yvy9n5yQKSzlSDBp0rWrNj3ISb_Ia3rWmIBKMg&oe=63ED4F7D,https://www.instagram.com/p/CmH7ApNOFFc/,18156486961277780,"[{'timestamp': '2022-12-14T02:08:23+0000', 'text': 'üëèüéâ congratulations', 'username': 'monikafronc_pilatesportal.ca', 'like_count': 1, 'id': '17937578591394931'}, {'timestamp': '2022-12-14T01:42:56+0000', 'text': ""@silvialiftsweights if you're on LinkedIn shoot me a connect. Tech is my industry, I'd be happy to look into my network."", 'username': 'sharons.adventure', 'like_count': 0, 'replies': {'data': [{'timestamp': '2022-12-14T04:28:49+0000', 'text': '@sharons.adventure , that‚Äôd be great, thanks! Just DM‚Äôd you.', 'username': 'silvialiftsweights', 'like_count': 0, 'id': '17957704178326720'}]}, 'id': '17843772542902313'}, {'timestamp': '2022-12-13T22:04:16+0000', 'text': 'Congratulations!', 'username': 'island_12', 'like_count': 1, 'id': '17984777746705230'}]",
9,2022-09-27T21:31:17+0000,"Seeking ways to counteract my sedentary lifestyle as I will be glued to my computer 12 hours a day for the next couple months. Got this nifty fold up desk for my bike anf set up my old monitor. 
Happy for more tips on reducing butt soreness. üòÇ
@lighthouselabs 

#datascience #lighthouselabs",34,6,VIDEO,REELS,https://video.cdninstagram.com/v/t50.33967-16/309160891_819547959079076_4191441832865795551_n.mp4?_nc_cat=108&vs=463201265868349_2709152492&_nc_vs=HBksFQAYJEdMdHJiUktrTVByZ1hfa0NBTl9OcmNnai1pbzZicV9FQUFBRhUAAsgBABUAGCRHR3FDY3hKZmU0ZlRldXdDQU5oQkZmU000djlzYnFfRUFBQUYVAgLIAQAoABgAGwGIB3VzZV9vaWwBMRUAACbsg4ia9LXhPxUCKAJDMywXQDbJN0vGp%2FAYEmRhc2hfYmFzZWxpbmVfMV92MREAdQAA&ccb=1-7&_nc_sid=59939d&efg=eyJ2ZW5jb2RlX3RhZyI6InZ0c192b2RfdXJsZ2VuLjcyMC5jbGlwcyJ9&_nc_ohc=oLGk46JtKIgAX-u1Dv_&_nc_ht=video.cdninstagram.com&edm=AM6HXa8EAAAA&oh=00_AfBd9oADyPk_INvvn3J1D9RV9dLeshlzF5XOPan02KPt-Q&oe=63E8CD69&_nc_rid=943f41cd3d,https://www.instagram.com/reel/CjBnZEDAwAk/,17972792299796698,"[{'timestamp': '2022-09-28T19:07:32+0000', 'text': 'I had an Electra cruiser bike saddle. Most comfortable bike seat everrrr', 'username': 'victoria_cubbon', 'like_count': 1, 'id': '18052054660354760'}, {'timestamp': '2022-09-27T22:44:43+0000', 'text': 'why so many kabocha?!', 'username': '_ssimpson_', 'like_count': 0, 'replies': {'data': [{'timestamp': '2022-09-28T01:23:33+0000', 'text': '@silvialiftsweights lol', 'username': '_ssimpson_', 'like_count': 0, 'id': '18005162584488406'}, {'timestamp': '2022-09-28T00:49:48+0000', 'text': '@_ssimpson_ , its my rice/bread alternative haha', 'username': 'silvialiftsweights', 'like_count': 1, 'id': '17928423323400867'}]}, 'id': '17976002959706890'}, {'timestamp': '2022-09-27T22:20:33+0000', 'text': 'To reduce butt soreness, buy @samsaracycleclub shorts. Game changer. I will never buy anything else again. (And I‚Äôm not being paid to say that. LOL)', 'username': 'jenullett', 'like_count': 1, 'replies': {'data': [{'timestamp': '2022-09-28T00:50:25+0000', 'text': '@jenullett , will keep it mind when budget allows. Thanks!', 'username': 'silvialiftsweights', 'like_count': 1, 'id': '17886531830660141'}]}, 'id': '17961862090985722'}]",https://scontent.cdninstagram.com/v/t51.29350-15/308884674_902798574017752_5798043338577639843_n.jpg?_nc_cat=109&ccb=1-7&_nc_sid=8ae9d6&_nc_ohc=JqeCJ6OK6vEAX-JT8v8&_nc_ht=scontent.cdninstagram.com&edm=AM6HXa8EAAAA&oh=00_AfC_onVgHAH86Hj97tq5GrwZsOgUYmJKxTKwxVM3iuAWxQ&oe=63EDB704
10,2022-09-18T21:07:28+0000,"There‚Äôs an abundance of free training resources out there, so why bother paying for it? 

The way I see it, my role is to apply my years of specialized education and experience to save people the guess work so they can just do the best bang-for-buck workouts AND still have time for other things. Online training can never replace in-person coaching, but I strive to provide the same professional guidance online as I do in person. That‚Äôs why I started making exercise videos. 

Julie* represents the type of client I most want to help: She has a high-stress career AND has 3 kids including a toddler. ‚ÄúI feel stronger, and more confident taking care of my baby daughter. I like the program you designed for me: it fits the tight time schedule I have, and I can always extend them when I have time (do 3 sets instead of 2). As the program stands now, I don't feel too pressured for time, and thus less stressed.‚Äù

Julie has made progress despite having little time to herself, being glued to her computer all day, and training with just a 12 kg kettlebell, 2x3kg dumbbells, and some bands. This is because:
- Exercise sessions take as little as 10 minutes per day.
- The exercises in her program provide high return-on-investment. 
- We constantly discuss how she can improve her sleep, nutrition, and recovery habits.

The deadlift with two bands is one such exercise in Julie‚Äôs program. It works many muscles, including muscles that help her improve her low back pain. All you need is 2 bands and an anchor (these are from Amazon).

What do you do to take care of your body when you are short on time and energy? Comment below!

* Name changed.

#stem #science #technology #homeworkout #vancouver #yvr #personaltrainer #kinesiology #workout",13,2,VIDEO,REELS,https://video.cdninstagram.com/v/t50.33967-16/307841951_762022605099722_2754810165901535816_n.mp4?_nc_cat=102&vs=427293376159707_3689402566&_nc_vs=HBksFQAYJEdKOUxXUkxLRXJBMkRyVUNBRWdxTWhKQURUc21icV9FQUFBRhUAAsgBABUAGCRHREtCVUJKY3Z2QzRJN1FEQU9PYm43MEtLcmRkYnFfRUFBQUYVAgLIAQAoABgAGwGIB3VzZV9vaWwBMRUAACbw9JDI2YvEPxUCKAJDMywXQEymZmZmZmYYEmRhc2hfYmFzZWxpbmVfMV92MREAdQAA&ccb=1-7&_nc_sid=59939d&efg=eyJ2ZW5jb2RlX3RhZyI6InZ0c192b2RfdXJsZ2VuLjcyMC5jbGlwcyJ9&_nc_ohc=LLnF_ewqJlEAX_Iackk&_nc_ht=video.cdninstagram.com&edm=AM6HXa8EAAAA&oh=00_AfCDjntWrIX_Lphye-YX2Q6_Up2avxgwX1imFKYtnhE6hg&oe=63E8CD9D&_nc_rid=6e3b379906,https://www.instagram.com/reel/CiqZ39egrMv/,17967592066870184,"[{'timestamp': '2022-09-18T21:25:13+0000', 'text': 'Promote it onüçÅ @toronto.community', 'username': 'elizafz_18', 'like_count': 0, 'id': '18004192153484867'}]",https://scontent.cdninstagram.com/v/t51.29350-15/307328357_139029441925159_7947190577716105195_n.jpg?_nc_cat=103&ccb=1-7&_nc_sid=8ae9d6&_nc_ohc=osQZexbPfJ4AX9kSmOh&_nc_ht=scontent.cdninstagram.com&edm=AM6HXa8EAAAA&oh=00_AfBV2Ttuzmihrsocm0BdH6hglX6QPbNdEJdkmte_KoWWbw&oe=63EE01BC
11,2022-09-16T19:44:31+0000,"Yelling improves strength. 

Thanks to @coachjure and @anthony.agtarap for coaching throughout the years so I can add 1kg to my personal record every once in a while. Striving for mastery and performance is the only way to stay motivated to train long term.",201,8,VIDEO,REELS,https://video.cdninstagram.com/v/t50.33967-16/307455322_591185376037344_6574344092221469052_n.mp4?_nc_cat=111&vs=875030696801244_444920124&_nc_vs=HBksFQAYJEdGcGxVeExneVZVU3Joa0NBSHh4REpnZXd6eGJicV9FQUFBRhUAAsgBABUAGCRHQ2hFVGhLN3FMcWRDejRDQUJuNmU1MmMxRDhHYnFfRUFBQUYVAgLIAQAoABgAGwGIB3VzZV9vaWwBMRUAACbs3bSFg8nkPxUCKAJDMywXQEBPvnbItDkYEmRhc2hfYmFzZWxpbmVfMV92MREAdQAA&ccb=1-7&_nc_sid=59939d&efg=eyJ2ZW5jb2RlX3RhZyI6InZ0c192b2RfdXJsZ2VuLjcyMC5jbGlwcyJ9&_nc_ohc=bCSEFWBaMPoAX_d9pu0&_nc_ht=video.cdninstagram.com&edm=AM6HXa8EAAAA&oh=00_AfB2UVimWTx0HWMrsDLB2hAPny6zrpfW2Py5yNxrsmsyAw&oe=63E8D52A&_nc_rid=d053862eb3,https://www.instagram.com/reel/CilGehzAgG3/,17959530130960346,"[{'timestamp': '2022-10-25T19:20:29+0000', 'text': ""Wow! You're amazing!"", 'username': 'nicogruzling', 'like_count': 0, 'replies': {'data': [{'timestamp': '2022-10-27T08:26:11+0000', 'text': '@nicogruzling merci!', 'username': 'silvialiftsweights', 'like_count': 1, 'id': '17942865533228405'}]}, 'id': '17874206174776401'}, {'timestamp': '2022-10-06T08:19:48+0000', 'text': 'Yelling makes you miss‚Ä¶ and lose your focus!', 'username': 'olamide_wellington032', 'like_count': 0, 'id': '17967189955768114'}, {'timestamp': '2022-09-21T19:06:22+0000', 'text': 'üôåüòÇüôå‚ù§Ô∏è‚ù§Ô∏è‚ù§Ô∏è‚ù§Ô∏è‚ù§Ô∏è‚ù§Ô∏è‚ù§Ô∏èüî•üî•üî•üî•üî•', 'username': 'esperanza11051973', 'like_count': 0, 'id': '17936568455408000'}, {'timestamp': '2022-09-20T15:40:29+0000', 'text': ""Heck yeah the yell üòÇ. That's how you know someone is pushing it"", 'username': 'fred_white11', 'like_count': 0, 'id': '17942050037172330'}, {'timestamp': '2022-09-16T22:12:46+0000', 'text': 'Battle cry for the win @silvialiftsweights üëäüèΩ', 'username': 'anthony.agtarap', 'like_count': 1, 'id': '17947133087487706'}, {'timestamp': '2022-09-16T19:47:33+0000', 'text': 'Good thing we are in position to do that consistently now üëèüî•üôå.', 'username': 'coachjure', 'like_count': 1, 'id': '17979035035648249'}]",https://scontent.cdninstagram.com/v/t51.29350-15/306944615_628329095522932_7384461444504562161_n.jpg?_nc_cat=110&ccb=1-7&_nc_sid=8ae9d6&_nc_ohc=diZ9vtlM2Z0AX-JPmY0&_nc_ht=scontent.cdninstagram.com&edm=AM6HXa8EAAAA&oh=00_AfCS7ZIsr7QxsRgdJat0RoBPzxr4ki5qGjx4UA_TjfOU5w&oe=63ED145F
12,2022-09-13T21:14:37+0000,,12,0,IMAGE,FEED,https://scontent.cdninstagram.com/v/t51.29350-15/306670349_5533009950055152_6104496309761474231_n.jpg?_nc_cat=100&ccb=1-7&_nc_sid=8ae9d6&_nc_ohc=12I4hPKfzI8AX_xg2V3&_nc_ht=scontent.cdninstagram.com&edm=AM6HXa8EAAAA&oh=00_AfCsFhNPlpeALToY5W0SXLA6kwaJPzPrD6DDEBeme18OOA&oe=63EDA553,https://www.instagram.com/p/Cidiw1-vN2S/,18231053554181880,,
13,2022-09-13T20:50:18+0000,"Congrats to Suzanne and Eric for finding happiness in each other and getting married last week. 

It was a good time. Left my hair down for the first time in years. Managed to avoid spraining my ankles in heels.",36,4,CAROUSEL_ALBUM,FEED,https://scontent.cdninstagram.com/v/t51.29350-15/306572675_476992117678881_508139851521796754_n.jpg?_nc_cat=103&ccb=1-7&_nc_sid=8ae9d6&_nc_ohc=rW7F-WPjf9AAX_y82sp&_nc_ht=scontent.cdninstagram.com&edm=AM6HXa8EAAAA&oh=00_AfAa0Bx1Ac9ZGHmw0QkY101xo2KjxNwJ1y7ZxYtu9OeA_Q&oe=63ECA360,https://www.instagram.com/p/Cidf-z3vR6G/,17923493357545447,"[{'timestamp': '2022-09-14T06:24:49+0000', 'text': 'Lovely, Silvia!!!!!!', 'username': 'khristine.carino', 'like_count': 1, 'id': '17934894959300617'}, {'timestamp': '2022-09-14T00:45:42+0000', 'text': 'üî•', 'username': 'erina.bab', 'like_count': 1, 'id': '17944015718475754'}, {'timestamp': '2022-09-13T21:58:47+0000', 'text': 'Stunning üòç', 'username': 'monikafronc_pilatesportal.ca', 'like_count': 1, 'id': '17971791205769023'}, {'timestamp': '2022-09-13T21:39:05+0000', 'text': 'You look fab Silvia üòç', 'username': 'coach_mcloone', 'like_count': 1, 'id': '17943204644129538'}]",
14,2022-08-16T20:36:22+0000,"Posted @withregram ‚Ä¢ @btcomedy Let‚Äôs meet your Bloc Tiger Comedy Fest groups!

First up we have:

FREE SANDWICHES

Eight assorted Intro 2 improvisers,
1 special summer combo.

We aim to serve up tasty, √† la carte amusement but can‚Äôt promise any of it will be healthy.

Watch them perform on Wednesday August 24th at 7pm!

Tickets at the link in our bio.

#bloctigercomedyfest",8,0,IMAGE,FEED,https://scontent.cdninstagram.com/v/t51.29350-15/299862702_1382675968807875_7079098079972386365_n.jpg?_nc_cat=106&ccb=1-7&_nc_sid=8ae9d6&_nc_ohc=nu6QsRtic1UAX-loVMe&_nc_ht=scontent.cdninstagram.com&edm=AM6HXa8EAAAA&oh=00_AfA4iNcLQv9PEQzP4vownXgWs7VkVKBjcQVAWNrIWSNw5Q&oe=63ECDF8E,https://www.instagram.com/p/ChVYIQ6P5W8/,17942058482197603,,
15,2022-08-06T18:42:49+0000,What‚Äôs that muscle popping in my right armpit in the jerk? üòÇ,14,1,CAROUSEL_ALBUM,FEED,https://scontent.cdninstagram.com/v/t51.29350-15/297574280_735098941116689_3046356819910611764_n.jpg?_nc_cat=105&ccb=1-7&_nc_sid=8ae9d6&_nc_ohc=zhljLbn86s0AX9iaMDl&_nc_ht=scontent.cdninstagram.com&edm=AM6HXa8EAAAA&oh=00_AfDB08LPYzwknQNAFKi83-3xmWMrLrYyfzoIyf9R1CoF3A&oe=63EE2644,https://www.instagram.com/p/Cg7bL1DJZ07/,17857392584764032,"[{'timestamp': '2022-08-16T22:23:18+0000', 'text': 'üî•üî•üî•', 'username': 'btcomedy', 'like_count': 0, 'id': '17939827511132998'}]",
16,2022-07-31T20:35:17+0000,"I was craving some cake, then realized that I could simply make my paleo banana bread and whip up my own healthy protein peanut butter icing. Nutritious, no added sugar, delicious, and perfect for the #lazycook like me. üòã

#dessert #bananabread",10,1,VIDEO,REELS,https://video.cdninstagram.com/v/t50.33967-16/296309233_470633301093855_1486933484925632613_n.mp4?_nc_cat=111&vs=620707642728270_1049092941&_nc_vs=HBksFQAYJEdQRlJxUkhmTGJ2YUNhd0JBR1ZBb0YwZ3BxSVVicV9FQUFBRhUAAsgBABUAGCRHRUxJdEJGQVNMNVAtT29EQUlIWnZRUjRBeTF3YnFfRUFBQUYVAgLIAQAoABgAGwGIB3VzZV9vaWwBMRUAACaMlpj86M3pQBUCKAJDMywXQDB3S8an754YEmRhc2hfYmFzZWxpbmVfMV92MREAdQAA&ccb=1-7&_nc_sid=59939d&efg=eyJ2ZW5jb2RlX3RhZyI6InZ0c192b2RfdXJsZ2VuLjcyMC5jbGlwcyJ9&_nc_ohc=W4YgEiWshmAAX9UYPWB&_nc_ht=video.cdninstagram.com&edm=AM6HXa8EAAAA&oh=00_AfAX6EWdxJO6FRkxL6lt6m16elG_PIlWSsgagjAVrrPEXA&oe=63E8DB2A&_nc_rid=7c7892d6eb,https://www.instagram.com/reel/CgsK0-HhpC4/,17953082869885717,"[{'timestamp': '2022-07-31T20:37:05+0000', 'text': 'My cake cravings made me think of you ü•∞', 'username': 'silvialiftsweights', 'like_count': 0, 'id': '17932748033220449'}]",https://scontent.cdninstagram.com/v/t51.29350-15/296479629_905312227528350_8499864796518581658_n.jpg?_nc_cat=103&ccb=1-7&_nc_sid=8ae9d6&_nc_ohc=YTjI9xEZPqEAX9ChjZG&_nc_ht=scontent.cdninstagram.com&edm=AM6HXa8EAAAA&oh=00_AfAxW-KKTpMQ3WzCa4wS5xS_6E7TuzJ8J-MazcwPXGJaNg&oe=63ED1A97
17,2022-07-04T04:24:57+0000,,14,3,CAROUSEL_ALBUM,FEED,https://scontent.cdninstagram.com/v/t51.29350-15/291520563_547462853546078_3354169556099380530_n.jpg?_nc_cat=106&ccb=1-7&_nc_sid=8ae9d6&_nc_ohc=K44U83LVVvwAX9swCMW&_nc_ht=scontent.cdninstagram.com&edm=AM6HXa8EAAAA&oh=00_AfDwZ6mSsPJlrj9HxxM-YRgQviS5xVFg0PCWLyqAKKDHQw&oe=63EC7EFE,https://www.instagram.com/p/Cfk6xyTum49/,17910512354556892,"[{'timestamp': '2022-08-22T15:33:37+0000', 'text': 'Hey üëãüèª We just sent you a DM for a potential collaboration. Please let us know as soon as possible to start. Thank you! üôÇ', 'username': 'vanessa.flair.anahi.anwtmg', 'like_count': 0, 'id': '17955100810994078'}, {'timestamp': '2022-07-26T14:26:28+0000', 'text': 'such a stunning place! ü§©üíñ', 'username': 'nutra.nutrition', 'like_count': 0, 'id': '18060693907317288'}]",
18,2022-07-03T03:23:38+0000,Smoke and mirrors,14,1,CAROUSEL_ALBUM,FEED,https://scontent.cdninstagram.com/v/t51.29350-15/291407918_545431207380583_1600717987823390032_n.jpg?_nc_cat=103&ccb=1-7&_nc_sid=8ae9d6&_nc_ohc=pRVXGBWrzxYAX_1xOrC&_nc_ht=scontent.cdninstagram.com&edm=AM6HXa8EAAAA&oh=00_AfC5hwWl-nugK--pu-xHIURVlTyAc6chtUwJoWBLRljfxg&oe=63EE1A84,https://www.instagram.com/p/CfiO9tqrtxO/,17845097429796534,"[{'timestamp': '2022-07-26T14:25:52+0000', 'text': 'this is awesome! ü§©üíï', 'username': 'nutra.nutrition', 'like_count': 0, 'id': '17978433523608278'}]",
19,2022-07-03T03:19:50+0000,Murals and non-lit public art,13,1,CAROUSEL_ALBUM,FEED,https://scontent.cdninstagram.com/v/t51.29350-15/290992896_733663717902145_8545516732368875201_n.jpg?_nc_cat=100&ccb=1-7&_nc_sid=8ae9d6&_nc_ohc=1EhRPVMXW6gAX_9Bnmf&_nc_ht=scontent.cdninstagram.com&edm=AM6HXa8EAAAA&oh=00_AfDs_wLlWj-Cq1Dw-qHHIoiUuPLamYtxCBUIJoUiQoDqgw&oe=63EE35E4,https://www.instagram.com/p/CfiOh9qrjuT/,18304232650029843,"[{'timestamp': '2022-07-26T14:25:31+0000', 'text': 'those are incredible arts! üíñ', 'username': 'nutra.nutrition', 'like_count': 0, 'id': '17997375901490563'}]",
20,2022-07-01T04:20:33+0000,Chocolate fountain. It appears non-functional.,9,0,CAROUSEL_ALBUM,FEED,https://scontent.cdninstagram.com/v/t51.29350-15/290998325_440279364617428_8803775223619181040_n.jpg?_nc_cat=104&ccb=1-7&_nc_sid=8ae9d6&_nc_ohc=Oyvl0c5sRxAAX85mkZy&_nc_ht=scontent.cdninstagram.com&edm=AM6HXa8EAAAA&oh=00_AfBHXOkx8KsUPWILyNL4KV_tH4GwQ_d00vAskNEnpRDpIA&oe=63ED8E3B,https://www.instagram.com/p/CfdL48MO5Hg/,17946389522033670,,
21,2022-07-01T04:18:17+0000,"I took a public bus and explored the city in 40+ deg C heat. 

The bus driver seem to think it was important to announce every nearby Denny‚Äôs at the bus stops.",10,0,CAROUSEL_ALBUM,FEED,https://scontent.cdninstagram.com/v/t51.29350-15/291444071_732967621244207_687114312642198442_n.jpg?_nc_cat=108&ccb=1-7&_nc_sid=8ae9d6&_nc_ohc=PQWFlS_SBBsAX-GCbbZ&_nc_ht=scontent.cdninstagram.com&edm=AM6HXa8EAAAA&oh=00_AfCWlmoFfca5oX1d8YddnKCvKRLtIOeEBQYUsVhcwq1ICQ&oe=63ED92C3,https://www.instagram.com/p/CfdLoQqOP_f/,17972529973621802,,
22,2022-07-01T04:15:29+0000,"We all need to do some single leg work to keep the back and knees healthy. If you don‚Äôt like them because you feel unstable doing them, you probably need them even more. Here are two good exercises that are suitable for even bare-bones gyms like in hotels and apartments: 
‚úÖ Cable single leg hip hinge to single arm row.
‚úÖ Dumbbell split squat.",11,3,CAROUSEL_ALBUM,FEED,https://scontent.cdninstagram.com/v/t51.29350-15/290861520_611702103697623_1476170736570220707_n.jpg?_nc_cat=104&ccb=1-7&_nc_sid=8ae9d6&_nc_ohc=x6xTthth_4kAX_UpFcq&_nc_ht=scontent.cdninstagram.com&edm=AM6HXa8EAAAA&oh=00_AfA_xhoVplKhXnct9qjPriS_dPGOU0uSEm3LFJukTwslnw&oe=63ED674B,https://www.instagram.com/p/CfdLTzmuPqB/,17952416740941608,"[{'timestamp': '2022-07-12T09:34:03+0000', 'text': 'Hi üíû We just sent you a direct message for a collaboration. Please reply ASAP to start. Thank you! üôÇ', 'username': 'antonioandco_wes.iu5oce', 'like_count': 0, 'id': '17952010726969308'}, {'timestamp': '2022-07-01T07:15:10+0000', 'text': 'OMG, are you working out on vacation in Vegas?', 'username': 'bacon9004', 'like_count': 1, 'replies': {'data': [{'timestamp': '2022-07-01T14:24:43+0000', 'text': '@bacon9004 , gotta fill in the time between buffets while staying out of the heat üòÇ\n\nIt‚Äôs also wierder to not train than to train.', 'username': 'silvialiftsweights', 'like_count': 0, 'id': '17954220121926300'}]}, 'id': '17954898469797261'}]",
23,2022-06-30T05:12:09+0000,"3 platforms and 3 warm up areas going on at once! Was too close to fit it all in the video. 

@usa_weightlifting National Championships.",9,0,VIDEO,REELS,https://video.cdninstagram.com/v/t50.33967-16/291586298_611089623714342_5094986782816722061_n.mp4?_nc_cat=103&vs=565326908305992_2958061695&_nc_vs=HBksFQAYJEdQcEFZUkVtaXZKanlDc0NBSTNjR1ExOEI3VkdicV9FQUFBRhUAAsgBABUAGCRHSUhkVkJHOWtMWGF1SUlBQU80bnN3MmxyeXM3YnFfRUFBQUYVAgLIAQAoABgAGwGIB3VzZV9vaWwBMRUAACaq1qP8murUPxUCKAJDMywXQDfXztkWhysYEmRhc2hfYmFzZWxpbmVfMV92MREAdQAA&ccb=1-7&_nc_sid=59939d&efg=eyJ2ZW5jb2RlX3RhZyI6InZ0c192b2RfdXJsZ2VuLjcyMC5jbGlwcyJ9&_nc_ohc=-qR2mPRuybwAX_isWWi&_nc_ht=video.cdninstagram.com&edm=AM6HXa8EAAAA&oh=00_AfAl-6F512rDyb1J2sCbjuOUZtPtFIOlJEw34XBUvOAPRA&oe=63E8EDF3&_nc_rid=576d4171b8,https://www.instagram.com/reel/Cfas4uJAn1l/,17947840733015468,,https://scontent.cdninstagram.com/v/t51.29350-15/291269937_752645209382919_1942371205710091924_n.jpg?_nc_cat=102&ccb=1-7&_nc_sid=8ae9d6&_nc_ohc=IB2jZkmR8PAAX-aCtfS&_nc_ht=scontent.cdninstagram.com&edm=AM6HXa8EAAAA&oh=00_AfBQCNMGy8wPpeBPh8_lAqI74Kbc6wU06K84aMeDS7GjVg&oe=63EDAA2E
24,2022-06-30T05:06:21+0000,Had the gym all to myself in the afternoon so I made good use of the wall for 70 minutes üòÇ,19,0,CAROUSEL_ALBUM,FEED,https://scontent.cdninstagram.com/v/t51.29350-15/291058228_783349736182840_8375055603923293731_n.jpg?_nc_cat=108&ccb=1-7&_nc_sid=8ae9d6&_nc_ohc=Wrgn8vm5pLkAX-hn27m&_nc_ht=scontent.cdninstagram.com&edm=AM6HXa8EAAAA&oh=00_AfBj9ESmHv_skEhi2qtq0L0MGi3mHf86QCWzex0PJ21PgA&oe=63EDC2CD,https://www.instagram.com/p/CfasVcHMIe9/,17935065275262218,,
0,2022-06-30T04:59:18+0000,,11,0,CAROUSEL_ALBUM,FEED,https://scontent.cdninstagram.com/v/t51.29350-15/290814104_557948339131581_6925852015400715629_n.jpg?_nc_cat=103&ccb=1-7&_nc_sid=8ae9d6&_nc_ohc=5w4YMPyxomQAX8sxGPi&_nc_ht=scontent.cdninstagram.com&edm=AM6HXa8EAAAA&oh=00_AfBVIobTy4jtb5sMt5YTl28FPRG4OrWyiWjOraZ2185sgg&oe=63EE2CA9,https://www.instagram.com/p/Cfarh2rMwx2/,18037275298334429,,
1,2022-06-29T15:16:21+0000,,34,1,CAROUSEL_ALBUM,FEED,https://scontent.cdninstagram.com/v/t51.29350-15/290500268_466097992004206_8130205052373200157_n.jpg?_nc_cat=100&ccb=1-7&_nc_sid=8ae9d6&_nc_ohc=p6ZMWFgXC6IAX8mQ9Sx&_nc_ht=scontent.cdninstagram.com&edm=AM6HXa8EAAAA&oh=00_AfDHdE4qQww_cj6fgNKh2_aQPmW8YohburjLbXA5bgG6tQ&oe=63ED717C,https://www.instagram.com/p/CfZNWbELR1u/,17979148099562764,"[{'timestamp': '2022-06-29T17:38:24+0000', 'text': 'Enjoy @silvialiftsweights !!', 'username': 'anthony.agtarap', 'like_count': 1, 'id': '17929129445214698'}]",
2,2022-06-04T19:28:06+0000,Errors and practice are necessities for learning.,16,0,CAROUSEL_ALBUM,FEED,https://scontent.cdninstagram.com/v/t51.29350-15/286253546_4695538247214922_5127635542790367407_n.jpg?_nc_cat=102&ccb=1-7&_nc_sid=8ae9d6&_nc_ohc=on62gTyK6Q4AX9aQpiv&_nc_ht=scontent.cdninstagram.com&edm=AM6HXa8EAAAA&oh=00_AfAYUl-AWa74ALzeT9J_72YbqmrKZT4tCtmw3waNYNy_iw&oe=63ED3F0A,https://www.instagram.com/p/CeZSSaAOznO/,17898359843656148,,
3,2022-04-03T17:46:47+0000,Lots of errors but some small PRs,12,4,CAROUSEL_ALBUM,FEED,https://scontent.cdninstagram.com/v/t51.29350-15/277766104_7446479958725528_1100560074060035606_n.jpg?_nc_cat=109&ccb=1-7&_nc_sid=8ae9d6&_nc_ohc=taZWm_HK2ysAX-EZSe4&_nc_ht=scontent.cdninstagram.com&edm=AM6HXa8EAAAA&oh=00_AfCHpq1llHunT3ZnPCyCuHTBT6eP_IhRwhD1_ArJRgnSJQ&oe=63ECA8A2,https://www.instagram.com/p/Cb5dZ_ap0IW/,17938841968973532,"[{'timestamp': '2022-04-05T13:52:31+0000', 'text': 'üôåüëè', 'username': 'monikafronc_pilatesportal.ca', 'like_count': 0, 'id': '17946708616860692'}, {'timestamp': '2022-04-05T01:27:13+0000', 'text': 'Great progress!!! üôåüèæ', 'username': 'mindmovementmobility', 'like_count': 1, 'replies': {'data': [{'timestamp': '2022-04-05T05:43:10+0000', 'text': '@mindmovementmobility , thanks! 7 months later haha.', 'username': 'silvialiftsweights', 'like_count': 1, 'id': '18208646398179239'}]}, 'id': '17901284207544571'}, {'timestamp': '2022-04-03T23:07:20+0000', 'text': 'üî•üî•üî•üî•üî• wow!!', 'username': 'polessible', 'like_count': 0, 'id': '17926513106266141'}]",
4,2022-03-28T23:38:22+0000,"Ube protein cheesecake attempt #2 

#protein #cheesecake #proteincheesecake #healthyrecipes #healthydesserts #foodporn #cooking #lowfatdesserts #lowcarbdesserts",14,3,VIDEO,REELS,https://video.cdninstagram.com/v/t50.33967-16/277260436_1129373367886039_7775782581333037057_n.mp4?_nc_cat=106&vs=1568979923483321_4099885486&_nc_vs=HBksFQAYJEdKU29oaERYWUdtNktBTUVBQUdRQmxNUEllbHJicV9FQUFBRhUAAsgBABUAGCRHRHVpaHhBdks5MUVDZUFEQUJEM2VzVGF5aFFGYnFfRUFBQUYVAgLIAQAoABgAGwGIB3VzZV9vaWwBMRUAACaq2bqWkL%2FmPxUCKAJDMywXQCnul41P3zsYEmRhc2hfYmFzZWxpbmVfMV92MREAdQAA&ccb=1-7&_nc_sid=59939d&efg=eyJ2ZW5jb2RlX3RhZyI6InZ0c192b2RfdXJsZ2VuLjcyMC5jbGlwcyJ9&_nc_ohc=hkgK5Ug6pzQAX-L5t37&_nc_ht=video.cdninstagram.com&edm=AM6HXa8EAAAA&oh=00_AfCOyveu9h22tZBinqitex2XmfSzCSzIgPK7jC6dZaKUYA&oe=63E8C210&_nc_rid=3f7348bf62,https://www.instagram.com/reel/CbqowTRJ4uV/,17859313904683242,"[{'timestamp': '2022-03-29T04:16:52+0000', 'text': 'Need taste testers? üò¨', 'username': 'wendyky_powerlifting', 'like_count': 0, 'id': '18228274249111872'}, {'timestamp': '2022-03-29T03:40:22+0000', 'text': 'That looks amazing!', 'username': 'capria.care', 'like_count': 0, 'id': '17960565481627134'}, {'timestamp': '2022-03-29T01:05:55+0000', 'text': 'Damn that looks delicious!', 'username': 'kristenbartel', 'like_count': 0, 'id': '17933509862080945'}]",https://scontent.cdninstagram.com/v/t51.29350-15/277401568_681522926226829_1555634110490113689_n.jpg?_nc_cat=104&ccb=1-7&_nc_sid=8ae9d6&_nc_ohc=ZA4E-9SlPA8AX_Fc8GL&_nc_ht=scontent.cdninstagram.com&edm=AM6HXa8EAAAA&oh=00_AfCGkz-H_BliIZSh39RUvTDNLim9TFrOp2n6qWk1bIlJgw&oe=63ECF603
5,2022-03-26T03:29:55+0000,"Performance doesn‚Äôt improve linearly, so persistence is key to make progress. 

It felt like I had regressed with my hand balancing skills. I took a week off of handstands practice to reduce fatigue before my Olympic lifting competition, and that allowed an improvement in hand balancing to finally reveal itself. 

People are surprised that there is such thing as a handstands class. You have to try it to understand the difficulty and variations. I had a  revelation just this week about how to better stabilize with the core ‚Äîtensing the right places, the right amount, at the right time. 

What skill are you working on? It could be an instrument, dance, or sport.",23,7,CAROUSEL_ALBUM,FEED,https://scontent.cdninstagram.com/v/t51.29350-15/277358252_156023980144040_2256692612144712586_n.jpg?_nc_cat=100&ccb=1-7&_nc_sid=8ae9d6&_nc_ohc=4ohtWcLxB98AX9xokkN&_nc_ht=scontent.cdninstagram.com&edm=AM6HXa8EAAAA&oh=00_AfCgmbcmjB0_WuS4QKo1h4VUC82fHb1awj9F6QvYzHj48A&oe=63EDE4C1,https://www.instagram.com/p/CbjU_OWL4LC/,17866350896687196,"[{'timestamp': '2022-03-26T13:28:59+0000', 'text': 'üôåüëèüí™üèº oh that‚Äôs amazing!', 'username': 'monikafronc_pilatesportal.ca', 'like_count': 1, 'id': '17935015801921268'}, {'timestamp': '2022-03-26T03:46:52+0000', 'text': 'Woo hoo! üôåüëè', 'username': 'wendyky_powerlifting', 'like_count': 1, 'id': '18085883149294690'}, {'timestamp': '2022-03-26T03:44:03+0000', 'text': 'Good Silvia! Keep working hard, things are starting to click. üî•', 'username': 'jfvtraining', 'like_count': 2, 'id': '17938675498870124'}, {'timestamp': '2022-03-26T03:42:11+0000', 'text': 'Gj', 'username': 'shmarbles87', 'like_count': 1, 'id': '17920197998185818'}, {'timestamp': '2022-03-26T03:36:27+0000', 'text': 'Well done @silvialiftsweights and @jfvtraining üëäüèΩüëäüèΩü§∏üèª\u200d‚ôÄÔ∏è', 'username': 'anthony.agtarap', 'like_count': 2, 'replies': {'data': [{'timestamp': '2022-03-26T03:46:43+0000', 'text': '@jfvtraining üíØ', 'username': 'anthony.agtarap', 'like_count': 1, 'id': '17918210342207220'}, {'timestamp': '2022-03-26T03:44:43+0000', 'text': '@anthony.agtarap Silvia sure has been doing her homework! üí™üèº', 'username': 'jfvtraining', 'like_count': 1, 'id': '17904000638442824'}]}, 'id': '17893002611514711'}]",
6,2022-03-10T00:49:44+0000,Ube (purple yam) protein cheesecake,14,3,CAROUSEL_ALBUM,FEED,https://scontent.cdninstagram.com/v/t51.29350-15/275450798_5317710624920193_6661876963549881330_n.jpg?_nc_cat=100&ccb=1-7&_nc_sid=8ae9d6&_nc_ohc=SHrCkobToqEAX96eC1W&_nc_ht=scontent.cdninstagram.com&edm=AM6HXa8EAAAA&oh=00_AfDULBTZgbW7n4vs3C11CGgf7KsJhXujbbP0nvxa1zTTLw&oe=63ED2E9E,https://www.instagram.com/p/Ca5178jpNFZ/,17927095397151820,"[{'timestamp': '2022-03-10T08:39:06+0000', 'text': 'yummmm!', 'username': 'kaichang_kevin', 'like_count': 0, 'id': '18010923019379833'}, {'timestamp': '2022-03-10T05:05:21+0000', 'text': 'It looks delicious ü§§', 'username': 'monikafronc_pilatesportal.ca', 'like_count': 0, 'replies': {'data': [{'timestamp': '2022-03-10T06:36:04+0000', 'text': '@monika_fronc_pilatesportal , It is pretty good', 'username': 'silvialiftsweights', 'like_count': 1, 'id': '17995067638428277'}]}, 'id': '17932679870059202'}]",
7,2022-02-21T20:41:20+0000,"Rest day means motor skills practice day. 

How do you move on rest days?",23,0,CAROUSEL_ALBUM,FEED,https://scontent.cdninstagram.com/v/t51.29350-15/274327818_627444164994901_6360340246031353856_n.jpg?_nc_cat=109&ccb=1-7&_nc_sid=8ae9d6&_nc_ohc=T2HBzpDfZVMAX-kbmXe&_nc_ht=scontent.cdninstagram.com&edm=AM6HXa8EAAAA&oh=00_AfDa7iWjnpwS3wl9taOJZz15l4yGaFlkN29yfT_aH_3TqA&oe=63ED78D3,https://www.instagram.com/p/CaQMyq9BCqk/,17926139408133923,,
8,2022-02-13T02:32:51+0000,This twist was messier to plate üò¨,6,0,VIDEO,REELS,https://video.cdninstagram.com/v/t50.33967-16/273947498_704257253906762_4701823596373282555_n.mp4?_nc_cat=102&vs=3171858789710142_560943154&_nc_vs=HBksFQAYJEdHb2JWQkJLR1hPcmhJQUNBUHNPWVVxbU8wQkJicV9FQUFBRhUAAsgBABUAGCRHRmxtVHhBTnhCTjR5U01QQUhwbV9MTGYzNUlTYnFfRUFBQUYVAgLIAQAoABgAGwGIB3VzZV9vaWwBMRUAACb%2BjN3DtvbvPxUCKAJDMywXQElmZmZmZmYYEmRhc2hfYmFzZWxpbmVfMV92MREAdQAA&ccb=1-7&_nc_sid=59939d&efg=eyJ2ZW5jb2RlX3RhZyI6InZ0c192b2RfdXJsZ2VuLjcyMC5jbGlwcyJ9&_nc_ohc=Xa1wJ_DQgq0AX99LBc9&_nc_ht=video.cdninstagram.com&edm=AM6HXa8EAAAA&oh=00_AfDkyUGWBKUqZ6qdHBYq9QwuNXUVVQiqRfqUlWO2KrRZvQ&oe=63E8EB0D&_nc_rid=8a643a0540,https://www.instagram.com/reel/CZ5p0UPAVrm/,17985623290453136,,https://scontent.cdninstagram.com/v/t51.29350-15/273742738_3147498578852968_2427068528953012587_n.jpg?_nc_cat=102&ccb=1-7&_nc_sid=8ae9d6&_nc_ohc=CUiMdPgpZnMAX9OlTMi&_nc_ht=scontent.cdninstagram.com&edm=AM6HXa8EAAAA&oh=00_AfBC9Aj-cS8-30cwrrjAhV5mtk0QpF3sgUq2Ltv9ztfMBw&oe=63ECF2F8
9,2022-02-12T17:45:06+0000,,13,0,IMAGE,FEED,https://scontent.cdninstagram.com/v/t51.29350-15/273816912_932279974315927_8265498734286249510_n.jpg?_nc_cat=100&ccb=1-7&_nc_sid=8ae9d6&_nc_ohc=2skpHvpLyIgAX9bhRQQ&_nc_ht=scontent.cdninstagram.com&edm=AM6HXa8EAAAA&oh=00_AfAaHxVsZ_Fp1L7aFkpz7qs-wewcgg8w6PHc1VGMMY0xlQ&oe=63EE3104,https://www.instagram.com/p/CZ4td_bJnuA/,17905661879449042,,
10,2022-02-12T17:41:06+0000,Cream puff on steroids,18,3,IMAGE,FEED,https://scontent.cdninstagram.com/v/t51.29350-15/273704294_1311697129335101_2381689038671365610_n.jpg?_nc_cat=109&ccb=1-7&_nc_sid=8ae9d6&_nc_ohc=gSkghzggV24AX_u5txl&_nc_ht=scontent.cdninstagram.com&edm=AM6HXa8EAAAA&oh=00_AfBjthz9um--mXmgTMxtjEo6isQzsHxwNxPXjFNx88oClA&oe=63ECBE8C,https://www.instagram.com/p/CZ4tAr2pClY/,18010539385360360,"[{'timestamp': '2022-02-12T17:55:24+0000', 'text': 'Excuse me?!?! That looks amazing üòçüòç', 'username': 'radicallinds', 'like_count': 0, 'replies': {'data': [{'timestamp': '2022-02-12T18:01:22+0000', 'text': '@silvialiftsweights I figured! Every now and then I dream of that pi√±a colada cream puff üí≠‚ù§Ô∏è', 'username': 'radicallinds', 'like_count': 1, 'id': '17921813450313641'}, {'timestamp': '2022-02-12T18:00:23+0000', 'text': '@radicallinds it was from the same place where we got the pi√±a colada one üòã', 'username': 'silvialiftsweights', 'like_count': 0, 'id': '18151380004235126'}]}, 'id': '17929218830041330'}]",
11,2022-02-08T23:44:09+0000,"I think this flavour of protein cheesecake has been the biggest hit with my parents. Each serving or 1/4 of the recipe has 20 g of protein and 212 calories as long as you use a 0 cal sweetener such as @voluptafoods and 1% dry curd cottage cheese. 

I used 170 g of durian, so you can adjust the amount of durian according to preference.

#protein #cheesecake #proteincheesecake #ketorecipes #healthyrecipes #healthydesserts #foodporn #lowcarbdesserts #easyrecipes #durian #lunarnewyear #voluptacommunity",14,0,VIDEO,REELS,https://video.cdninstagram.com/v/t50.33967-16/10000000_360047302609761_1808812100548307355_n.mp4?_nc_cat=100&vs=1105408010032016_2908666490&_nc_vs=HBksFQAYJEdJQ1dtQUJoQzVNTGRrY0JBSnNwbko0Rk1Sb1picV9FQUFBRhUAAsgBABUAGCRHRFZ2VEJDN2tUb1hlTUlEQUI0OWM0QzE2a2NDYnFfRUFBQUYVAgLIAQAoABgAGwGIB3VzZV9vaWwBMRUAACbQoprG6o2PQBUCKAJDMywXQElczMzMzM0YEmRhc2hfYmFzZWxpbmVfMV92MREAdQAA&ccb=1-7&_nc_sid=59939d&efg=eyJ2ZW5jb2RlX3RhZyI6InZ0c192b2RfdXJsZ2VuLjcyMC5jbGlwcyJ9&_nc_ohc=QAdAN1oyRMIAX9xM2LS&_nc_ht=video.cdninstagram.com&edm=AM6HXa8EAAAA&oh=00_AfBFldvIPywEmsSuDKy1V3Xs_1G4jmKDv8fnpEHAmk06mw&oe=63E8E213&_nc_rid=c097cd8ffd,https://www.instagram.com/reel/CZvC9YVgtuF/,17938683367880968,,https://scontent.cdninstagram.com/v/t51.29350-15/273452174_343637887626595_5791811373162099367_n.jpg?_nc_cat=110&ccb=1-7&_nc_sid=8ae9d6&_nc_ohc=ad71fyUvy0QAX_NN1J9&_nc_ht=scontent.cdninstagram.com&edm=AM6HXa8EAAAA&oh=00_AfAOC51F8A0zNVTKTOr0sCb-2BwcCmBotG0M6UnLizdzGw&oe=63ED1211
12,2022-02-06T22:35:53+0000,"For a while it felt like I was at a plateau with my handstand balancing. Despite that, I kept practising as my coaches told me that was normal and that takes a long time. I‚Äôm feeling better at balancing, particularly with the version facing away from the wall.

What skills are you working on?",29,1,VIDEO,REELS,https://video.cdninstagram.com/v/t50.33967-16/273545357_462562322243402_2988963600689387089_n.mp4?_nc_cat=111&vs=620596062355276_928408350&_nc_vs=HBksFQAYJEdJMzRUUkJLWF9ldXNxUUJBRkhXcVFHUDdub3BicV9FQUFBRhUAAsgBABUAGCRHTnpWU3hCRjhuMEYwVlVDQU1yZS1yaVNPamNMYnFfRUFBQUYVAgLIAQAoABgAGwGIB3VzZV9vaWwBMRUAACamu93TxdbVPxUCKAJDMywXQEm%2FGp%2B%2BdskYEmRhc2hfYmFzZWxpbmVfMV92MREAdQAA&ccb=1-7&_nc_sid=59939d&efg=eyJ2ZW5jb2RlX3RhZyI6InZ0c192b2RfdXJsZ2VuLjcyMC5jbGlwcyJ9&_nc_ohc=-Iw-fczszJUAX-gjwAI&_nc_ht=video.cdninstagram.com&edm=AM6HXa8EAAAA&oh=00_AfDtWEVkXHL9WcHwBnUBD18iNDH1Rit7D8c_qsFtTcdttA&oe=63E8E5C1&_nc_rid=aad5639c30,https://www.instagram.com/reel/CZpxtTzA7HE/,18109136365285595,"[{'timestamp': '2022-02-06T23:33:48+0000', 'text': 'Same as you different variations. Keep it up plates for this are going to happen. I look for the smallest of victories  in progress to keep me moving forward.', 'username': 'shmarbles87', 'like_count': 1, 'id': '17932447585956654'}]",https://scontent.cdninstagram.com/v/t51.29350-15/273479436_981271799479787_5943523200239426201_n.jpg?_nc_cat=107&ccb=1-7&_nc_sid=8ae9d6&_nc_ohc=llVT81lqj90AX-PB-Tu&_nc_ht=scontent.cdninstagram.com&edm=AM6HXa8EAAAA&oh=00_AfCoMMsiMSw3pBbYa6HhoJbz9yn92Q-Va2eNVf_2FCoofg&oe=63EDE0D5
13,2022-01-31T00:18:15+0000,"It‚Äôs been interesting to experiment with little tweaks tension, position, and weight shift with #handstands",8,0,VIDEO,REELS,https://video.cdninstagram.com/v/t50.33967-16/272958541_612930646447927_9010049395083826013_n.mp4?_nc_cat=101&vs=632923801275504_1896982178&_nc_vs=HBksFQAYJEdFMEVSUkEzRjNRSmRTMENBRjNUc1FJd0lBcDlicV9FQUFBRhUAAsgBABUAGCRHRUU3UXhEeGZ4Q2lGMFlDQURBcFZVZlNVeGxTYnFfRUFBQUYVAgLIAQAoABgAGwGIB3VzZV9vaWwBMRUAACagg5TNjIXiPxUCKAJDMywXQEx64UeuFHsYEmRhc2hfYmFzZWxpbmVfMV92MREAdQAA&ccb=1-7&_nc_sid=59939d&efg=eyJ2ZW5jb2RlX3RhZyI6InZ0c192b2RfdXJsZ2VuLjcyMC5jbGlwcyJ9&_nc_ohc=9tPHlQsPcUEAX9DQzfm&_nc_ht=video.cdninstagram.com&edm=AM6HXa8EAAAA&oh=00_AfC74Zu0of-syrj1rKs16ZpifRxEXJRO08t7l9sw-P1tlA&oe=63E8BDA1&_nc_rid=a3737bc9aa,https://www.instagram.com/reel/CZX75MHv-ap/,17955998674608401,,https://scontent.cdninstagram.com/v/t51.29350-15/272973519_670545780645435_7754159935961845050_n.jpg?_nc_cat=101&ccb=1-7&_nc_sid=8ae9d6&_nc_ohc=Yk0qVrnTUacAX925KQS&_nc_ht=scontent.cdninstagram.com&edm=AM6HXa8EAAAA&oh=00_AfDZGG4c7rX-GMupY3VopEokpFNq7mPZd-0QvEORMU70Kg&oe=63EDDAE4
14,2022-01-29T23:37:52+0000,"A couple of times someone Ôøºrecognized me as I was out and about with my mask on. I was impressed they could tell who I was because I did not recognize them with the mask out of context. ÔøºÔøº

My friend posted this and at first I thought was that it was cool to see an Asian female athlete on TV. And then I read what he wrote. ÔøºÔøº",64,4,IMAGE,FEED,https://scontent.cdninstagram.com/v/t51.29350-15/272823187_296325119146031_3389369555818353560_n.jpg?_nc_cat=108&ccb=1-7&_nc_sid=8ae9d6&_nc_ohc=GK2rf1Hn638AX-cAkHL&_nc_ht=scontent.cdninstagram.com&edm=AM6HXa8EAAAA&oh=00_AfBgNqOF4r5iogBn6GYwOc0nknDKcZ-oKl6LYpRQBVeWJQ&oe=63EC848E,https://www.instagram.com/p/CZVStgnvrAn/,18148518601242451,"[{'timestamp': '2022-01-30T01:26:16+0000', 'text': 'So cool !!', 'username': 'rachelpowerlifting', 'like_count': 1, 'id': '17934867607933311'}, {'timestamp': '2022-01-29T23:52:36+0000', 'text': 'üëèüëè', 'username': 'salimashakoor', 'like_count': 0, 'id': '17882040977615222'}, {'timestamp': '2022-01-29T23:41:40+0000', 'text': 'You‚Äôre famous!!', 'username': 'robertnels', 'like_count': 0, 'replies': {'data': [{'timestamp': '2022-01-29T23:42:32+0000', 'text': '@robertnels now I just sit and monitor my DM‚Äôs for all the requests for more TV appearances', 'username': 'silvialiftsweights', 'like_count': 5, 'id': '17913164579188177'}]}, 'id': '17917744940107899'}]",
15,2022-01-12T00:30:06+0000,"Get Over the Fear: How to Do Your First Handstand Hold
¬†
The wall-facing handstand is basically an advanced plank! It does emphasize shoulder stability more than the standard plank.
¬†
These are the benefits of handstands, even if you have a desk job:
‚Ä¢ They train your core and glutes to support a healthy back.
‚Ä¢ They help you maintain good posture: To do a handstand, you need adequate overhead mobility and thoracic mobility, which we don't tend to challenge enough in our day to day activities (use it or lose it!).
‚Ä¢ They strengthen the muscles that help improve posture and keep your shoulders pain-free, such as the rotator cuff, serratus anterior, and lower trapezius.
¬†
Steps:
1. Keep your abs tight as you walk your hands and feet up into the handstand position.
2. As you hold, push the floor away from to keep your shoulder muscles active.
3. Ensure good core stability by keeping your ribs pulled towards your spine. In other words, maintain a good hollow body position. The muscles of the butt and front of the thighs should also be tense, not just the upper body and core.
4. While the goal is to bring your hands as close to the wall as you can, start in a more horizontal position if needed and gradually work towards a more vertical position as you improve strength and stability.
Whatever position you choose, always push the floor away and keep your ribs pulled towards your spine.
¬†
If you give this a try, leave a comment on how this goes for you.

#stem #science #technology #engineer #medicine #scientist #research #academic #homeworkout #vancouver #yvr #personaltrainer #kinesiology posture",7,2,VIDEO,REELS,https://video.cdninstagram.com/v/t50.33967-16/271309149_672296370591362_6247352759505149381_n.mp4?_nc_cat=105&vs=451715443248581_3266517936&_nc_vs=HBksFQAYJEdGM1pLeENDVmxveWMyTUNBTVZkM0NBOERyTldicV9FQUFBRhUAAsgBABUAGCRHTXpVTHhDbW1wa2FZamdCQUptOUVZUGRKUnhrYnFfRUFBQUYVAgLIAQAoABgAGwGIB3VzZV9vaWwBMRUAACbyoMmAw6rRPxUCKAJDMywXQEwRBiTdLxsYEmRhc2hfYmFzZWxpbmVfMV92MREAdQAA&ccb=1-7&_nc_sid=59939d&efg=eyJ2ZW5jb2RlX3RhZyI6InZ0c192b2RfdXJsZ2VuLjcyMC5jbGlwcyJ9&_nc_ohc=s6hRVOQ8eaoAX9-GoYi&_nc_ht=video.cdninstagram.com&edm=AM6HXa8EAAAA&oh=00_AfATRgvUVvOUuBXLDCcHacp8034e4zdArItwbOjdCjTWpw&oe=63E8F1E5&_nc_rid=f3ded856fc,https://www.instagram.com/reel/CYnCTZjjdUV/,17992969873413337,"[{'timestamp': '2022-01-20T15:43:33+0000', 'text': 'üî•üî•üî•', 'username': 'team.gud', 'like_count': 1, 'id': '17889219008556634'}, {'timestamp': '2022-01-12T06:09:05+0000', 'text': '@dundundolphin__ , lemme know if you ever give this a try!', 'username': 'silvialiftsweights', 'like_count': 0, 'id': '17909756156213908'}]",https://scontent.cdninstagram.com/v/t51.29350-15/271756616_1075491609961543_1578402013886680004_n.jpg?_nc_cat=106&ccb=1-7&_nc_sid=8ae9d6&_nc_ohc=scsmmxb6EmcAX-VOUf0&_nc_ht=scontent.cdninstagram.com&edm=AM6HXa8EAAAA&oh=00_AfAB_1LYaDyJaAVARm4657HqAWn5Tv_87nZxQlAf7ycfag&oe=63EE24D7
