,timestamp,caption,like_count,comments_count,media_type,media_product_type,media_url,permalink,id,comments.data,thumbnail_url,date,year,month,week_of_year,day_of_week,time,hour
0,2022-12-30 02:05:19+00:00,üíõ ,30,0,CAROUSEL_ALBUM,FEED,https://scontent.cdninstagram.com/v/t51.29350-15/322778200_3359512214268300_8037939719050379800_n.jpg?_nc_cat=102&ccb=1-7&_nc_sid=8ae9d6&_nc_ohc=ufWpuEajkfcAX8VRx99&_nc_oc=AQnMwYgdVNWdFUZlU8ExJKqi0RvQkhMR3M9dE0ckc7Y8fRfKXmWg4Em48WwptGMeaT4-ySscV1qFImp3oe6PZy2d&_nc_ht=scontent.cdninstagram.com&edm=AM6HXa8EAAAA&oh=00_AfDiTBBEdFcujzku_o3pvHLtFAOhcekVRjennaNeqhPVSw&oe=63ED3330,https://www.instagram.com/p/CmxlFotJyli/,18336168253034275,,,2022-12-30,2022,12,52,4,02:05:19,2
1,2022-12-27 20:48:37+00:00,power come responsibility  fitness space  people get excite ai analyze movement  excite use ai help people adopt healthier lifestyle  generally know important exercise  challenge  netflix youtube recommend content youll find interest  health app recommend health practice youll adopt improve health long term  recommendation likely need account adapt preference  personality    life stage  also must right level difficulty  challenge  youll get discourage give  easy  might get much benefit lose motivation  application ai excite  <Handle> ,5,2,IMAGE,FEED,https://scontent.cdninstagram.com/v/t51.29350-15/321958621_579630850642218_1418582233562155559_n.jpg?_nc_cat=110&ccb=1-7&_nc_sid=8ae9d6&_nc_ohc=XGI3z-4vVzIAX_YDyBN&_nc_ht=scontent.cdninstagram.com&edm=AM6HXa8EAAAA&oh=00_AfDtdh8ZRrtaHfsV98x2pD1RkjiqjqXZdBmLmOp1WMyAHw&oe=63EC8AFC,https://www.instagram.com/p/Cmr3QXSSDdE/,18033248329425680,"[{'timestamp': '2022-12-27T21:04:59+0000', 'text': 'üôå', 'username': 'aiforgood_foundation', 'like_count': 0, 'id': '17959095329223682'}, {'timestamp': '2022-12-27T20:52:10+0000', 'text': 'PROMOTE IT ON @CANADIAN.COMMUNITY', 'username': 'videocou12', 'like_count': 0, 'id': '17881600202728388'}]",,2022-12-27,2022,12,52,1,20:48:37,20
2,2022-12-27 03:31:51+00:00,podcast fee mostly fill podcast data science  health  fitness  hide brain podcast one people industry find interest  recent episode feature scientist science communicator katy milkman  ‚Äô time new year  since discus strategy follow goal  ,5,1,IMAGE,FEED,https://scontent.cdninstagram.com/v/t51.29350-15/321834739_563499202294809_1673127779555148359_n.jpg?_nc_cat=107&ccb=1-7&_nc_sid=8ae9d6&_nc_ohc=_G11jtXHQsgAX-qwE_c&_nc_ht=scontent.cdninstagram.com&edm=AM6HXa8EAAAA&oh=00_AfA_uJYhVwY3bgar0TA32n8NgXsB3KDbMD2GmA0--1-kBA&oe=63ECDD62,https://www.instagram.com/p/CmqAm0tL1u1/,17980063225869664,"[{'timestamp': '2022-12-28T16:45:59+0000', 'text': 'I‚Äôll have to check this out! Thank you', 'username': 'monikafronc_pilatesportal.ca', 'like_count': 0, 'id': '17923241108530404'}]",,2022-12-27,2022,12,52,1,03:31:51,3
3,2022-12-22 19:35:45+00:00,here link super data science podcast discus essential fo data visualization storytelling   ,4,0,CAROUSEL_ALBUM,FEED,https://scontent.cdninstagram.com/v/t51.29350-15/320716792_636088561600429_2604632901986035763_n.jpg?_nc_cat=102&ccb=1-7&_nc_sid=8ae9d6&_nc_ohc=JxasvlqlujYAX8KCr_z&_nc_ht=scontent.cdninstagram.com&edm=AM6HXa8EAAAA&oh=00_AfBiX89UnhqXxDoizmVpMYhB-K3LtSW_b8olj8y3KjscfA&oe=63EC5DC8,https://www.instagram.com/p/Cme28PFuJ57/,17926236674624239,,,2022-12-22,2022,12,51,3,19:35:45,19
4,2022-12-21 22:44:24+00:00,neighbor house long sharp icicle hang along roof edge  none house saw  get think importance good design  would want walk one vanish dagger drop  see similar icicle  drop photo comment  ,11,5,IMAGE,FEED,https://scontent.cdninstagram.com/v/t51.29350-15/320784492_554115546262234_5811064999706762572_n.jpg?_nc_cat=103&ccb=1-7&_nc_sid=8ae9d6&_nc_ohc=jIzaaq9ICbMAX-F9Hh-&_nc_ht=scontent.cdninstagram.com&edm=AM6HXa8EAAAA&oh=00_AfBaJe1l9p8mMGJkUksOeGMAr-gYyX2U6pfcOqqj2jrHVg&oe=63ED9A47,https://www.instagram.com/p/CmcnvFpOYeN/,17939812733373203,"[{'timestamp': '2022-12-24T20:57:54+0000', 'text': ""I took a house building course a few years ago and learned that many builders (by design or error) don't extend the ice shield far enough in.  It leads to icicles and, worse, ice dams that can damage roofs and cause water intrusion.  They're so pretty, though!"", 'username': 'familysleep.ca', 'like_count': 0, 'replies': {'data': [{'timestamp': '2022-12-24T22:47:33+0000', 'text': '@familysleep.ca , That‚Äôs too bad that this is still an issue. I saw a building downtown that had that issue as well.', 'username': 'silvialiftsweights', 'like_count': 0, 'id': '17926692215629025'}]}, 'id': '18159235279278873'}, {'timestamp': '2022-12-21T22:50:35+0000', 'text': 'They need better insulation!', 'username': 'pomopaleo', 'like_count': 1, 'replies': {'data': [{'timestamp': '2022-12-21T23:17:20+0000', 'text': '@pomopaleo , I figured there was a reason that I just didn‚Äôt understand ha ha', 'username': 'silvialiftsweights', 'like_count': 1, 'id': '17970447049881743'}]}, 'id': '17930607224498564'}, {'timestamp': '2022-12-21T22:50:22+0000', 'text': 'Promote it on @toronto_successlyf üá®üá¶', 'username': 'montp126', 'like_count': 0, 'id': '17952507461190892'}]",,2022-12-21,2022,12,51,2,22:44:24,22
5,2022-12-20 00:21:15+00:00,already apps personal trainer  create goal specific exercise program  provide exercise demo  even check form  put trainer work   ‚Äô  <Number>  main challenge fitness relate get people adopt resistance train continue long term  simply know  good trainer ‚Äô check form  help people thing align motivation ability  <Number>  even computer vision become advance enough distinguish subtle difference exercise technique  difference muscle activation pattern  make difference pain  pain  always see  even expert coach  good movement coach know right question cue use individual front  happen ai based fitness product   allow people exercise smarter   weed low quality exercise professional force remain one standard   make easier exerciser fitness professional make data informed decision easier data track visualization  think  ,17,0,VIDEO,FEED,https://video.cdninstagram.com/v/t50.16885-16/321108865_1353501322055256_5981907495892703203_n.mp4?_nc_cat=108&vs=699350655056538_1292635174&_nc_vs=HBksFQAYJEdJRzdJeE5ZRG9HVkFNOEVBT05YN29zc0FRUlRidlZCQUFBRhUAAsgBABUAGCRHTTR2SkJQWERvOTl1WkFBQUxONmJ2b1lveklzYnZWQkFBQUYVAgLIAQAoABgAGwGIB3VzZV9vaWwBMRUAACbqzsaq3vXrPxUCKAJDMywXQFRx64UeuFIYEmRhc2hfYmFzZWxpbmVfMV92MREAdewHAA%3D%3D&ccb=1-7&_nc_sid=59939d&efg=eyJ2ZW5jb2RlX3RhZyI6InZ0c192b2RfdXJsZ2VuLjEyODAuaWd0diJ9&_nc_ohc=9suKUnTlsdcAX-kp1Cn&_nc_ht=video.cdninstagram.com&edm=AM6HXa8EAAAA&oh=00_AfBAb9FiJz91FRKUYYhTkZtBMmtNi38XkAyLXtPpoeh1aA&oe=63E8C7EE&_nc_rid=04841431cb,https://www.instagram.com/tv/CmXpML9ARCb/,17956519238480356,,https://scontent.cdninstagram.com/v/t51.29350-15/321072428_5156993421067071_8697996024193895709_n.jpg?_nc_cat=110&ccb=1-7&_nc_sid=8ae9d6&_nc_ohc=bRwhYh0svV0AX9aFin_&_nc_ht=scontent.cdninstagram.com&edm=AM6HXa8EAAAA&oh=00_AfDQsOX-udBxLwlg4oah2zNGU-nHWix3apSl-D04cSZEgQ&oe=63ECA89F,2022-12-20,2022,12,51,1,00:21:15,0
6,2022-12-19 02:31:55+00:00,<Number> get audiobook weapon math destruction cathy ‚Äô neil join book club woman stem  discus danger artificial intelligence algorithm perpetuate social inequality  idea time would embark career would develop ai algorithm  ‚Äô relistening book  time perspective data scientist  idea change ai reduce social inqualities  comment  ,8,4,IMAGE,FEED,https://scontent.cdninstagram.com/v/t51.29350-15/320415394_685852956598533_1725904786646388979_n.jpg?_nc_cat=105&ccb=1-7&_nc_sid=8ae9d6&_nc_ohc=0fxFwKve9ooAX9AM4I0&_nc_ht=scontent.cdninstagram.com&edm=AM6HXa8EAAAA&oh=00_AfBTDQe7l7ypr_rH0NNXsFRGepg0jRzuk5lvzDijMNGfgg&oe=63ED35F4,https://www.instagram.com/p/CmVTY53MA-u/,18065247544353846,"[{'timestamp': '2022-12-19T05:31:59+0000', 'text': ""Thanks for sharing! I'm going to listen to it. ‚ù§Ô∏è"", 'username': 'nicogruzling', 'like_count': 1, 'id': '17999843788522715'}, {'timestamp': '2022-12-19T02:41:55+0000', 'text': ""Let's revitalize Stemminist Book Club!!!"", 'username': 'khristine.carino', 'like_count': 1, 'id': '18235685167154631'}, {'timestamp': '2022-12-19T02:41:00+0000', 'text': 'I have been wanting to read this book!', 'username': 'carmesan604', 'like_count': 0, 'replies': {'data': [{'timestamp': '2022-12-19T03:36:03+0000', 'text': '@carmesan604 , I listened to it when commuting, walking, or doing stuff around the house.', 'username': 'silvialiftsweights', 'like_count': 0, 'id': '18336079657028927'}]}, 'id': '17935123997568248'}]",,2022-12-19,2022,12,51,0,02:31:55,2
7,2022-12-17 19:54:21+00:00,walk cardio important  enough keep fit  lift weight resistance train athlete people want change appearance  help   increase strength  way  everyday activity easily le    counteract muscle imbalance  sport cardio activity    run  cycle  hike  inherently train muscle others  good resistance train program systematically target various part body help maintain good posture reduce    counteract effect age  fall  break hip  frailty  stoop posture accept inevitable  question want discus  comment topic ‚Äô passionate  ,19,1,IMAGE,FEED,https://scontent.cdninstagram.com/v/t51.29350-15/320445053_5977443735640757_7997636783581808369_n.jpg?_nc_cat=103&ccb=1-7&_nc_sid=8ae9d6&_nc_ohc=XbTsjg2Sn8MAX8eJd_f&_nc_ht=scontent.cdninstagram.com&edm=AM6HXa8EAAAA&oh=00_AfBTM6zDEEh73lJO2zeIYRG3RLi7XygkjOf6GJREHChyiA&oe=63ED9902,https://www.instagram.com/p/CmSBGJ7Osyg/,18154936198280489,"[{'timestamp': '2022-12-17T20:04:46+0000', 'text': 'Promote it onüá®üá¶ @vancouver.community_', 'username': 'pardeep.birt.73', 'like_count': 0, 'id': '17910317504676350'}]",,2022-12-17,2022,12,50,5,19:54:21,19
8,2022-12-13 21:48:46+00:00,finish diploma data science <Handle> excite new opportunity open tech sector  bite  master science kinesiology work kinesiologist personal trainer since <Number>  ideal next step work organization use technology product promote  large scale  health apps  gym  fitness product manufacturer  ask  connection organization open chat  ‚Äô love learn business  even job current open  ,27,4,IMAGE,FEED,https://scontent.cdninstagram.com/v/t51.29350-15/319325862_2421265551356834_6367359979201721773_n.jpg?_nc_cat=103&ccb=1-7&_nc_sid=8ae9d6&_nc_ohc=OjnAkRCj8pIAX-XeRYS&_nc_ht=scontent.cdninstagram.com&edm=AM6HXa8EAAAA&oh=00_AfAaf8F0Yvy9n5yQKSzlSDBp0rWrNj3ISb_Ia3rWmIBKMg&oe=63ED4F7D,https://www.instagram.com/p/CmH7ApNOFFc/,18156486961277780,"[{'timestamp': '2022-12-14T02:08:23+0000', 'text': 'üëèüéâ congratulations', 'username': 'monikafronc_pilatesportal.ca', 'like_count': 1, 'id': '17937578591394931'}, {'timestamp': '2022-12-14T01:42:56+0000', 'text': ""@silvialiftsweights if you're on LinkedIn shoot me a connect. Tech is my industry, I'd be happy to look into my network."", 'username': 'sharons.adventure', 'like_count': 0, 'replies': {'data': [{'timestamp': '2022-12-14T04:28:49+0000', 'text': '@sharons.adventure , that‚Äôd be great, thanks! Just DM‚Äôd you.', 'username': 'silvialiftsweights', 'like_count': 0, 'id': '17957704178326720'}]}, 'id': '17843772542902313'}, {'timestamp': '2022-12-13T22:04:16+0000', 'text': 'Congratulations!', 'username': 'island_12', 'like_count': 1, 'id': '17984777746705230'}]",,2022-12-13,2022,12,50,1,21:48:46,21
9,2022-09-27 21:31:17+00:00,seek way counteract sedentary lifestyle glue computer <Number> hour day next couple month  get nifty fold desk bike anf set old monitor  happy tip reduce butt soreness  üòÇ <Handle> #datascience #lighthouselabs ,34,6,VIDEO,REELS,https://video.cdninstagram.com/v/t50.33967-16/309160891_819547959079076_4191441832865795551_n.mp4?_nc_cat=108&vs=463201265868349_2709152492&_nc_vs=HBksFQAYJEdMdHJiUktrTVByZ1hfa0NBTl9OcmNnai1pbzZicV9FQUFBRhUAAsgBABUAGCRHR3FDY3hKZmU0ZlRldXdDQU5oQkZmU000djlzYnFfRUFBQUYVAgLIAQAoABgAGwGIB3VzZV9vaWwBMRUAACbsg4ia9LXhPxUCKAJDMywXQDbJN0vGp%2FAYEmRhc2hfYmFzZWxpbmVfMV92MREAdQAA&ccb=1-7&_nc_sid=59939d&efg=eyJ2ZW5jb2RlX3RhZyI6InZ0c192b2RfdXJsZ2VuLjcyMC5jbGlwcyJ9&_nc_ohc=oLGk46JtKIgAX-u1Dv_&_nc_ht=video.cdninstagram.com&edm=AM6HXa8EAAAA&oh=00_AfBd9oADyPk_INvvn3J1D9RV9dLeshlzF5XOPan02KPt-Q&oe=63E8CD69&_nc_rid=943f41cd3d,https://www.instagram.com/reel/CjBnZEDAwAk/,17972792299796698,"[{'timestamp': '2022-09-28T19:07:32+0000', 'text': 'I had an Electra cruiser bike saddle. Most comfortable bike seat everrrr', 'username': 'victoria_cubbon', 'like_count': 1, 'id': '18052054660354760'}, {'timestamp': '2022-09-27T22:44:43+0000', 'text': 'why so many kabocha?!', 'username': '_ssimpson_', 'like_count': 0, 'replies': {'data': [{'timestamp': '2022-09-28T01:23:33+0000', 'text': '@silvialiftsweights lol', 'username': '_ssimpson_', 'like_count': 0, 'id': '18005162584488406'}, {'timestamp': '2022-09-28T00:49:48+0000', 'text': '@_ssimpson_ , its my rice/bread alternative haha', 'username': 'silvialiftsweights', 'like_count': 1, 'id': '17928423323400867'}]}, 'id': '17976002959706890'}, {'timestamp': '2022-09-27T22:20:33+0000', 'text': 'To reduce butt soreness, buy @samsaracycleclub shorts. Game changer. I will never buy anything else again. (And I‚Äôm not being paid to say that. LOL)', 'username': 'jenullett', 'like_count': 1, 'replies': {'data': [{'timestamp': '2022-09-28T00:50:25+0000', 'text': '@jenullett , will keep it mind when budget allows. Thanks!', 'username': 'silvialiftsweights', 'like_count': 1, 'id': '17886531830660141'}]}, 'id': '17961862090985722'}]",https://scontent.cdninstagram.com/v/t51.29350-15/308884674_902798574017752_5798043338577639843_n.jpg?_nc_cat=109&ccb=1-7&_nc_sid=8ae9d6&_nc_ohc=JqeCJ6OK6vEAX-JT8v8&_nc_ht=scontent.cdninstagram.com&edm=AM6HXa8EAAAA&oh=00_AfC_onVgHAH86Hj97tq5GrwZsOgUYmJKxTKwxVM3iuAWxQ&oe=63EDB704,2022-09-27,2022,9,39,1,21:31:17,21
10,2022-09-18 21:07:28+00:00,‚Äô abundance free train resource  bother pay  way see  role apply year specialize education experience save people guess work best bang for buck workout still time thing  online train never replace in person coach  strive provide professional guidance online person  ‚Äô start make exercise video  julie  represent type client want help  high stress career <Number> kid include toddler  ‚Äú feel stronger  confident take care baby daughter  like program design  fit tight time schedule  always extend time  <Number> set instead <Number>   program stand  dont feel pressure time  thus le  ‚Äù julie make progress despite little time  glue computer day  train <Number> kg kettlebell  <Number> dumbbell  band    exercise session take little <Number> minute per day   exercise program provide high return on investment   constantly discus improve sleep  nutrition  recovery habit  deadlift two band one exercise julie ‚Äô program  work many muscle  include muscle help improve low back pain  need <Number> band anchor  amazon   take care body short time energy  comment   name change  #stem #science #technology #homeworkout #vancouver #yvr #personaltrainer #kinesiology #workout ,13,2,VIDEO,REELS,https://video.cdninstagram.com/v/t50.33967-16/307841951_762022605099722_2754810165901535816_n.mp4?_nc_cat=102&vs=427293376159707_3689402566&_nc_vs=HBksFQAYJEdKOUxXUkxLRXJBMkRyVUNBRWdxTWhKQURUc21icV9FQUFBRhUAAsgBABUAGCRHREtCVUJKY3Z2QzRJN1FEQU9PYm43MEtLcmRkYnFfRUFBQUYVAgLIAQAoABgAGwGIB3VzZV9vaWwBMRUAACbw9JDI2YvEPxUCKAJDMywXQEymZmZmZmYYEmRhc2hfYmFzZWxpbmVfMV92MREAdQAA&ccb=1-7&_nc_sid=59939d&efg=eyJ2ZW5jb2RlX3RhZyI6InZ0c192b2RfdXJsZ2VuLjcyMC5jbGlwcyJ9&_nc_ohc=LLnF_ewqJlEAX_Iackk&_nc_ht=video.cdninstagram.com&edm=AM6HXa8EAAAA&oh=00_AfCDjntWrIX_Lphye-YX2Q6_Up2avxgwX1imFKYtnhE6hg&oe=63E8CD9D&_nc_rid=6e3b379906,https://www.instagram.com/reel/CiqZ39egrMv/,17967592066870184,"[{'timestamp': '2022-09-18T21:25:13+0000', 'text': 'Promote it onüçÅ @toronto.community', 'username': 'elizafz_18', 'like_count': 0, 'id': '18004192153484867'}]",https://scontent.cdninstagram.com/v/t51.29350-15/307328357_139029441925159_7947190577716105195_n.jpg?_nc_cat=103&ccb=1-7&_nc_sid=8ae9d6&_nc_ohc=osQZexbPfJ4AX9kSmOh&_nc_ht=scontent.cdninstagram.com&edm=AM6HXa8EAAAA&oh=00_AfBV2Ttuzmihrsocm0BdH6hglX6QPbNdEJdkmte_KoWWbw&oe=63EE01BC,2022-09-18,2022,9,37,6,21:07:28,21
11,2022-09-16 19:44:31+00:00,yell improve strength  thank <Handle>  coach throughout year add <Number> personal record every  strive mastery performance way stay motivate train long term  ,201,8,VIDEO,REELS,https://video.cdninstagram.com/v/t50.33967-16/307455322_591185376037344_6574344092221469052_n.mp4?_nc_cat=111&vs=875030696801244_444920124&_nc_vs=HBksFQAYJEdGcGxVeExneVZVU3Joa0NBSHh4REpnZXd6eGJicV9FQUFBRhUAAsgBABUAGCRHQ2hFVGhLN3FMcWRDejRDQUJuNmU1MmMxRDhHYnFfRUFBQUYVAgLIAQAoABgAGwGIB3VzZV9vaWwBMRUAACbs3bSFg8nkPxUCKAJDMywXQEBPvnbItDkYEmRhc2hfYmFzZWxpbmVfMV92MREAdQAA&ccb=1-7&_nc_sid=59939d&efg=eyJ2ZW5jb2RlX3RhZyI6InZ0c192b2RfdXJsZ2VuLjcyMC5jbGlwcyJ9&_nc_ohc=bCSEFWBaMPoAX_d9pu0&_nc_ht=video.cdninstagram.com&edm=AM6HXa8EAAAA&oh=00_AfB2UVimWTx0HWMrsDLB2hAPny6zrpfW2Py5yNxrsmsyAw&oe=63E8D52A&_nc_rid=d053862eb3,https://www.instagram.com/reel/CilGehzAgG3/,17959530130960346,"[{'timestamp': '2022-10-25T19:20:29+0000', 'text': ""Wow! You're amazing!"", 'username': 'nicogruzling', 'like_count': 0, 'replies': {'data': [{'timestamp': '2022-10-27T08:26:11+0000', 'text': '@nicogruzling merci!', 'username': 'silvialiftsweights', 'like_count': 1, 'id': '17942865533228405'}]}, 'id': '17874206174776401'}, {'timestamp': '2022-10-06T08:19:48+0000', 'text': 'Yelling makes you miss‚Ä¶ and lose your focus!', 'username': 'olamide_wellington032', 'like_count': 0, 'id': '17967189955768114'}, {'timestamp': '2022-09-21T19:06:22+0000', 'text': 'üôåüòÇüôå‚ù§Ô∏è‚ù§Ô∏è‚ù§Ô∏è‚ù§Ô∏è‚ù§Ô∏è‚ù§Ô∏è‚ù§Ô∏èüî•üî•üî•üî•üî•', 'username': 'esperanza11051973', 'like_count': 0, 'id': '17936568455408000'}, {'timestamp': '2022-09-20T15:40:29+0000', 'text': ""Heck yeah the yell üòÇ. That's how you know someone is pushing it"", 'username': 'fred_white11', 'like_count': 0, 'id': '17942050037172330'}, {'timestamp': '2022-09-16T22:12:46+0000', 'text': 'Battle cry for the win @silvialiftsweights üëäüèΩ', 'username': 'anthony.agtarap', 'like_count': 1, 'id': '17947133087487706'}, {'timestamp': '2022-09-16T19:47:33+0000', 'text': 'Good thing we are in position to do that consistently now üëèüî•üôå.', 'username': 'coachjure', 'like_count': 1, 'id': '17979035035648249'}]",https://scontent.cdninstagram.com/v/t51.29350-15/306944615_628329095522932_7384461444504562161_n.jpg?_nc_cat=110&ccb=1-7&_nc_sid=8ae9d6&_nc_ohc=diZ9vtlM2Z0AX-JPmY0&_nc_ht=scontent.cdninstagram.com&edm=AM6HXa8EAAAA&oh=00_AfCS7ZIsr7QxsRgdJat0RoBPzxr4ki5qGjx4UA_TjfOU5w&oe=63ED145F,2022-09-16,2022,9,37,4,19:44:31,19
12,2022-09-13 21:14:37+00:00,<Empty>,12,0,IMAGE,FEED,https://scontent.cdninstagram.com/v/t51.29350-15/306670349_5533009950055152_6104496309761474231_n.jpg?_nc_cat=100&ccb=1-7&_nc_sid=8ae9d6&_nc_ohc=12I4hPKfzI8AX_xg2V3&_nc_ht=scontent.cdninstagram.com&edm=AM6HXa8EAAAA&oh=00_AfCsFhNPlpeALToY5W0SXLA6kwaJPzPrD6DDEBeme18OOA&oe=63EDA553,https://www.instagram.com/p/Cidiw1-vN2S/,18231053554181880,,,2022-09-13,2022,9,37,1,21:14:37,21
13,2022-09-13 20:50:18+00:00,congrats suzanne eric find happiness get marry last week  good time  leave hair first time year  manage avoid sprain ankle heel  ,36,4,CAROUSEL_ALBUM,FEED,https://scontent.cdninstagram.com/v/t51.29350-15/306572675_476992117678881_508139851521796754_n.jpg?_nc_cat=103&ccb=1-7&_nc_sid=8ae9d6&_nc_ohc=rW7F-WPjf9AAX_y82sp&_nc_ht=scontent.cdninstagram.com&edm=AM6HXa8EAAAA&oh=00_AfAa0Bx1Ac9ZGHmw0QkY101xo2KjxNwJ1y7ZxYtu9OeA_Q&oe=63ECA360,https://www.instagram.com/p/Cidf-z3vR6G/,17923493357545447,"[{'timestamp': '2022-09-14T06:24:49+0000', 'text': 'Lovely, Silvia!!!!!!', 'username': 'khristine.carino', 'like_count': 1, 'id': '17934894959300617'}, {'timestamp': '2022-09-14T00:45:42+0000', 'text': 'üî•', 'username': 'erina.bab', 'like_count': 1, 'id': '17944015718475754'}, {'timestamp': '2022-09-13T21:58:47+0000', 'text': 'Stunning üòç', 'username': 'monikafronc_pilatesportal.ca', 'like_count': 1, 'id': '17971791205769023'}, {'timestamp': '2022-09-13T21:39:05+0000', 'text': 'You look fab Silvia üòç', 'username': 'coach_mcloone', 'like_count': 1, 'id': '17943204644129538'}]",,2022-09-13,2022,9,37,1,20:50:18,20
14,2022-08-16 20:36:22+00:00,post <Handle> ‚Ä¢ <Handle> let ‚Äô meet bloc tiger comedy fest group  first  free sandwich eight assort intro <Number> improvisers  <Number> special summer combo  aim serve tasty  aÃÄ la carte amusement ‚Äô promise healthy  watch perform wednesday august <Number> <Number>  ticket link bio  #bloctigercomedyfest ,8,0,IMAGE,FEED,https://scontent.cdninstagram.com/v/t51.29350-15/299862702_1382675968807875_7079098079972386365_n.jpg?_nc_cat=106&ccb=1-7&_nc_sid=8ae9d6&_nc_ohc=nu6QsRtic1UAX-loVMe&_nc_ht=scontent.cdninstagram.com&edm=AM6HXa8EAAAA&oh=00_AfA4iNcLQv9PEQzP4vownXgWs7VkVKBjcQVAWNrIWSNw5Q&oe=63ECDF8E,https://www.instagram.com/p/ChVYIQ6P5W8/,17942058482197603,,,2022-08-16,2022,8,33,1,20:36:22,20
15,2022-08-06 18:42:49+00:00,‚Äô muscle pop right armpit jerk  üòÇ ,14,1,CAROUSEL_ALBUM,FEED,https://scontent.cdninstagram.com/v/t51.29350-15/297574280_735098941116689_3046356819910611764_n.jpg?_nc_cat=105&ccb=1-7&_nc_sid=8ae9d6&_nc_ohc=zhljLbn86s0AX9iaMDl&_nc_ht=scontent.cdninstagram.com&edm=AM6HXa8EAAAA&oh=00_AfDB08LPYzwknQNAFKi83-3xmWMrLrYyfzoIyf9R1CoF3A&oe=63EE2644,https://www.instagram.com/p/Cg7bL1DJZ07/,17857392584764032,"[{'timestamp': '2022-08-16T22:23:18+0000', 'text': 'üî•üî•üî•', 'username': 'btcomedy', 'like_count': 0, 'id': '17939827511132998'}]",,2022-08-06,2022,8,31,5,18:42:49,18
16,2022-07-31 20:35:17+00:00,crave cake  realize could simply make paleo banana bread whip healthy protein peanut butter ice  nutritious  add sugar  delicious  perfect #lazycook like  üòã #dessert #bananabread ,10,1,VIDEO,REELS,https://video.cdninstagram.com/v/t50.33967-16/296309233_470633301093855_1486933484925632613_n.mp4?_nc_cat=111&vs=620707642728270_1049092941&_nc_vs=HBksFQAYJEdQRlJxUkhmTGJ2YUNhd0JBR1ZBb0YwZ3BxSVVicV9FQUFBRhUAAsgBABUAGCRHRUxJdEJGQVNMNVAtT29EQUlIWnZRUjRBeTF3YnFfRUFBQUYVAgLIAQAoABgAGwGIB3VzZV9vaWwBMRUAACaMlpj86M3pQBUCKAJDMywXQDB3S8an754YEmRhc2hfYmFzZWxpbmVfMV92MREAdQAA&ccb=1-7&_nc_sid=59939d&efg=eyJ2ZW5jb2RlX3RhZyI6InZ0c192b2RfdXJsZ2VuLjcyMC5jbGlwcyJ9&_nc_ohc=W4YgEiWshmAAX9UYPWB&_nc_ht=video.cdninstagram.com&edm=AM6HXa8EAAAA&oh=00_AfAX6EWdxJO6FRkxL6lt6m16elG_PIlWSsgagjAVrrPEXA&oe=63E8DB2A&_nc_rid=7c7892d6eb,https://www.instagram.com/reel/CgsK0-HhpC4/,17953082869885717,"[{'timestamp': '2022-07-31T20:37:05+0000', 'text': 'My cake cravings made me think of you ü•∞', 'username': 'silvialiftsweights', 'like_count': 0, 'id': '17932748033220449'}]",https://scontent.cdninstagram.com/v/t51.29350-15/296479629_905312227528350_8499864796518581658_n.jpg?_nc_cat=103&ccb=1-7&_nc_sid=8ae9d6&_nc_ohc=YTjI9xEZPqEAX9ChjZG&_nc_ht=scontent.cdninstagram.com&edm=AM6HXa8EAAAA&oh=00_AfAxW-KKTpMQ3WzCa4wS5xS_6E7TuzJ8J-MazcwPXGJaNg&oe=63ED1A97,2022-07-31,2022,7,30,6,20:35:17,20
17,2022-07-04 04:24:57+00:00,<Empty>,14,3,CAROUSEL_ALBUM,FEED,https://scontent.cdninstagram.com/v/t51.29350-15/291520563_547462853546078_3354169556099380530_n.jpg?_nc_cat=106&ccb=1-7&_nc_sid=8ae9d6&_nc_ohc=K44U83LVVvwAX9swCMW&_nc_ht=scontent.cdninstagram.com&edm=AM6HXa8EAAAA&oh=00_AfDwZ6mSsPJlrj9HxxM-YRgQviS5xVFg0PCWLyqAKKDHQw&oe=63EC7EFE,https://www.instagram.com/p/Cfk6xyTum49/,17910512354556892,"[{'timestamp': '2022-08-22T15:33:37+0000', 'text': 'Hey üëãüèª We just sent you a DM for a potential collaboration. Please let us know as soon as possible to start. Thank you! üôÇ', 'username': 'vanessa.flair.anahi.anwtmg', 'like_count': 0, 'id': '17955100810994078'}, {'timestamp': '2022-07-26T14:26:28+0000', 'text': 'such a stunning place! ü§©üíñ', 'username': 'nutra.nutrition', 'like_count': 0, 'id': '18060693907317288'}]",,2022-07-04,2022,7,27,0,04:24:57,4
18,2022-07-03 03:23:38+00:00,smoke mirror ,14,1,CAROUSEL_ALBUM,FEED,https://scontent.cdninstagram.com/v/t51.29350-15/291407918_545431207380583_1600717987823390032_n.jpg?_nc_cat=103&ccb=1-7&_nc_sid=8ae9d6&_nc_ohc=pRVXGBWrzxYAX_1xOrC&_nc_ht=scontent.cdninstagram.com&edm=AM6HXa8EAAAA&oh=00_AfC5hwWl-nugK--pu-xHIURVlTyAc6chtUwJoWBLRljfxg&oe=63EE1A84,https://www.instagram.com/p/CfiO9tqrtxO/,17845097429796534,"[{'timestamp': '2022-07-26T14:25:52+0000', 'text': 'this is awesome! ü§©üíï', 'username': 'nutra.nutrition', 'like_count': 0, 'id': '17978433523608278'}]",,2022-07-03,2022,7,26,6,03:23:38,3
19,2022-07-03 03:19:50+00:00,mural non lit public art ,13,1,CAROUSEL_ALBUM,FEED,https://scontent.cdninstagram.com/v/t51.29350-15/290992896_733663717902145_8545516732368875201_n.jpg?_nc_cat=100&ccb=1-7&_nc_sid=8ae9d6&_nc_ohc=1EhRPVMXW6gAX_9Bnmf&_nc_ht=scontent.cdninstagram.com&edm=AM6HXa8EAAAA&oh=00_AfDs_wLlWj-Cq1Dw-qHHIoiUuPLamYtxCBUIJoUiQoDqgw&oe=63EE35E4,https://www.instagram.com/p/CfiOh9qrjuT/,18304232650029843,"[{'timestamp': '2022-07-26T14:25:31+0000', 'text': 'those are incredible arts! üíñ', 'username': 'nutra.nutrition', 'like_count': 0, 'id': '17997375901490563'}]",,2022-07-03,2022,7,26,6,03:19:50,3
20,2022-07-01 04:20:33+00:00,chocolate fountain  appear non functional  ,9,0,CAROUSEL_ALBUM,FEED,https://scontent.cdninstagram.com/v/t51.29350-15/290998325_440279364617428_8803775223619181040_n.jpg?_nc_cat=104&ccb=1-7&_nc_sid=8ae9d6&_nc_ohc=Oyvl0c5sRxAAX85mkZy&_nc_ht=scontent.cdninstagram.com&edm=AM6HXa8EAAAA&oh=00_AfBHXOkx8KsUPWILyNL4KV_tH4GwQ_d00vAskNEnpRDpIA&oe=63ED8E3B,https://www.instagram.com/p/CfdL48MO5Hg/,17946389522033670,,,2022-07-01,2022,7,26,4,04:20:33,4
21,2022-07-01 04:18:17+00:00,take public bus explore city <Number> deg c heat  bus driver seem think important announce every nearby denny ‚Äô bus stop  ,10,0,CAROUSEL_ALBUM,FEED,https://scontent.cdninstagram.com/v/t51.29350-15/291444071_732967621244207_687114312642198442_n.jpg?_nc_cat=108&ccb=1-7&_nc_sid=8ae9d6&_nc_ohc=PQWFlS_SBBsAX-GCbbZ&_nc_ht=scontent.cdninstagram.com&edm=AM6HXa8EAAAA&oh=00_AfCWlmoFfca5oX1d8YddnKCvKRLtIOeEBQYUsVhcwq1ICQ&oe=63ED92C3,https://www.instagram.com/p/CfdLoQqOP_f/,17972529973621802,,,2022-07-01,2022,7,26,4,04:18:17,4
22,2022-07-01 04:15:29+00:00,need single leg work keep back knee healthy  ‚Äô like feel unstable  probably need even  two good exercise suitable even bare bones gym like hotel apartment  ‚úÖ cable single leg hip hinge single arm row  ‚úÖ dumbbell split squat  ,11,3,CAROUSEL_ALBUM,FEED,https://scontent.cdninstagram.com/v/t51.29350-15/290861520_611702103697623_1476170736570220707_n.jpg?_nc_cat=104&ccb=1-7&_nc_sid=8ae9d6&_nc_ohc=x6xTthth_4kAX_UpFcq&_nc_ht=scontent.cdninstagram.com&edm=AM6HXa8EAAAA&oh=00_AfA_xhoVplKhXnct9qjPriS_dPGOU0uSEm3LFJukTwslnw&oe=63ED674B,https://www.instagram.com/p/CfdLTzmuPqB/,17952416740941608,"[{'timestamp': '2022-07-12T09:34:03+0000', 'text': 'Hi üíû We just sent you a direct message for a collaboration. Please reply ASAP to start. Thank you! üôÇ', 'username': 'antonioandco_wes.iu5oce', 'like_count': 0, 'id': '17952010726969308'}, {'timestamp': '2022-07-01T07:15:10+0000', 'text': 'OMG, are you working out on vacation in Vegas?', 'username': 'bacon9004', 'like_count': 1, 'replies': {'data': [{'timestamp': '2022-07-01T14:24:43+0000', 'text': '@bacon9004 , gotta fill in the time between buffets while staying out of the heat üòÇ\n\nIt‚Äôs also wierder to not train than to train.', 'username': 'silvialiftsweights', 'like_count': 0, 'id': '17954220121926300'}]}, 'id': '17954898469797261'}]",,2022-07-01,2022,7,26,4,04:15:29,4
23,2022-06-30 05:12:09+00:00,<Number> platform <Number> warm area go  close fit video  <Handle> national championship  ,9,0,VIDEO,REELS,https://video.cdninstagram.com/v/t50.33967-16/291586298_611089623714342_5094986782816722061_n.mp4?_nc_cat=103&vs=565326908305992_2958061695&_nc_vs=HBksFQAYJEdQcEFZUkVtaXZKanlDc0NBSTNjR1ExOEI3VkdicV9FQUFBRhUAAsgBABUAGCRHSUhkVkJHOWtMWGF1SUlBQU80bnN3MmxyeXM3YnFfRUFBQUYVAgLIAQAoABgAGwGIB3VzZV9vaWwBMRUAACaq1qP8murUPxUCKAJDMywXQDfXztkWhysYEmRhc2hfYmFzZWxpbmVfMV92MREAdQAA&ccb=1-7&_nc_sid=59939d&efg=eyJ2ZW5jb2RlX3RhZyI6InZ0c192b2RfdXJsZ2VuLjcyMC5jbGlwcyJ9&_nc_ohc=-qR2mPRuybwAX_isWWi&_nc_ht=video.cdninstagram.com&edm=AM6HXa8EAAAA&oh=00_AfAl-6F512rDyb1J2sCbjuOUZtPtFIOlJEw34XBUvOAPRA&oe=63E8EDF3&_nc_rid=576d4171b8,https://www.instagram.com/reel/Cfas4uJAn1l/,17947840733015468,,https://scontent.cdninstagram.com/v/t51.29350-15/291269937_752645209382919_1942371205710091924_n.jpg?_nc_cat=102&ccb=1-7&_nc_sid=8ae9d6&_nc_ohc=IB2jZkmR8PAAX-aCtfS&_nc_ht=scontent.cdninstagram.com&edm=AM6HXa8EAAAA&oh=00_AfBQCNMGy8wPpeBPh8_lAqI74Kbc6wU06K84aMeDS7GjVg&oe=63EDAA2E,2022-06-30,2022,6,26,3,05:12:09,5
24,2022-06-30 05:06:21+00:00,gym afternoon make good use wall <Number> minute üòÇ ,19,0,CAROUSEL_ALBUM,FEED,https://scontent.cdninstagram.com/v/t51.29350-15/291058228_783349736182840_8375055603923293731_n.jpg?_nc_cat=108&ccb=1-7&_nc_sid=8ae9d6&_nc_ohc=Wrgn8vm5pLkAX-hn27m&_nc_ht=scontent.cdninstagram.com&edm=AM6HXa8EAAAA&oh=00_AfBj9ESmHv_skEhi2qtq0L0MGi3mHf86QCWzex0PJ21PgA&oe=63EDC2CD,https://www.instagram.com/p/CfasVcHMIe9/,17935065275262218,,,2022-06-30,2022,6,26,3,05:06:21,5
25,2022-06-30 04:59:18+00:00,<Empty>,11,0,CAROUSEL_ALBUM,FEED,https://scontent.cdninstagram.com/v/t51.29350-15/290814104_557948339131581_6925852015400715629_n.jpg?_nc_cat=103&ccb=1-7&_nc_sid=8ae9d6&_nc_ohc=5w4YMPyxomQAX8sxGPi&_nc_ht=scontent.cdninstagram.com&edm=AM6HXa8EAAAA&oh=00_AfBVIobTy4jtb5sMt5YTl28FPRG4OrWyiWjOraZ2185sgg&oe=63EE2CA9,https://www.instagram.com/p/Cfarh2rMwx2/,18037275298334429,,,2022-06-30,2022,6,26,3,04:59:18,4
26,2022-06-29 15:16:21+00:00,<Empty>,34,1,CAROUSEL_ALBUM,FEED,https://scontent.cdninstagram.com/v/t51.29350-15/290500268_466097992004206_8130205052373200157_n.jpg?_nc_cat=100&ccb=1-7&_nc_sid=8ae9d6&_nc_ohc=p6ZMWFgXC6IAX8mQ9Sx&_nc_ht=scontent.cdninstagram.com&edm=AM6HXa8EAAAA&oh=00_AfDHdE4qQww_cj6fgNKh2_aQPmW8YohburjLbXA5bgG6tQ&oe=63ED717C,https://www.instagram.com/p/CfZNWbELR1u/,17979148099562764,"[{'timestamp': '2022-06-29T17:38:24+0000', 'text': 'Enjoy @silvialiftsweights !!', 'username': 'anthony.agtarap', 'like_count': 1, 'id': '17929129445214698'}]",,2022-06-29,2022,6,26,2,15:16:21,15
27,2022-06-04 19:28:06+00:00,error practice necessity learn  ,16,0,CAROUSEL_ALBUM,FEED,https://scontent.cdninstagram.com/v/t51.29350-15/286253546_4695538247214922_5127635542790367407_n.jpg?_nc_cat=102&ccb=1-7&_nc_sid=8ae9d6&_nc_ohc=on62gTyK6Q4AX9aQpiv&_nc_ht=scontent.cdninstagram.com&edm=AM6HXa8EAAAA&oh=00_AfAYUl-AWa74ALzeT9J_72YbqmrKZT4tCtmw3waNYNy_iw&oe=63ED3F0A,https://www.instagram.com/p/CeZSSaAOznO/,17898359843656148,,,2022-06-04,2022,6,22,5,19:28:06,19
28,2022-04-03 17:46:47+00:00,lot error small pr ,12,4,CAROUSEL_ALBUM,FEED,https://scontent.cdninstagram.com/v/t51.29350-15/277766104_7446479958725528_1100560074060035606_n.jpg?_nc_cat=109&ccb=1-7&_nc_sid=8ae9d6&_nc_ohc=taZWm_HK2ysAX-EZSe4&_nc_ht=scontent.cdninstagram.com&edm=AM6HXa8EAAAA&oh=00_AfCHpq1llHunT3ZnPCyCuHTBT6eP_IhRwhD1_ArJRgnSJQ&oe=63ECA8A2,https://www.instagram.com/p/Cb5dZ_ap0IW/,17938841968973532,"[{'timestamp': '2022-04-05T13:52:31+0000', 'text': 'üôåüëè', 'username': 'monikafronc_pilatesportal.ca', 'like_count': 0, 'id': '17946708616860692'}, {'timestamp': '2022-04-05T01:27:13+0000', 'text': 'Great progress!!! üôåüèæ', 'username': 'mindmovementmobility', 'like_count': 1, 'replies': {'data': [{'timestamp': '2022-04-05T05:43:10+0000', 'text': '@mindmovementmobility , thanks! 7 months later haha.', 'username': 'silvialiftsweights', 'like_count': 1, 'id': '18208646398179239'}]}, 'id': '17901284207544571'}, {'timestamp': '2022-04-03T23:07:20+0000', 'text': 'üî•üî•üî•üî•üî• wow!!', 'username': 'polessible', 'like_count': 0, 'id': '17926513106266141'}]",,2022-04-03,2022,4,13,6,17:46:47,17
29,2022-03-28 23:38:22+00:00,ube protein cheesecake attempt #2 #protein #cheesecake #proteincheesecake #healthyrecipes #healthydesserts #foodporn #cook #lowfatdesserts #lowcarbdesserts ,14,3,VIDEO,REELS,https://video.cdninstagram.com/v/t50.33967-16/277260436_1129373367886039_7775782581333037057_n.mp4?_nc_cat=106&vs=1568979923483321_4099885486&_nc_vs=HBksFQAYJEdKU29oaERYWUdtNktBTUVBQUdRQmxNUEllbHJicV9FQUFBRhUAAsgBABUAGCRHRHVpaHhBdks5MUVDZUFEQUJEM2VzVGF5aFFGYnFfRUFBQUYVAgLIAQAoABgAGwGIB3VzZV9vaWwBMRUAACaq2bqWkL%2FmPxUCKAJDMywXQCnul41P3zsYEmRhc2hfYmFzZWxpbmVfMV92MREAdQAA&ccb=1-7&_nc_sid=59939d&efg=eyJ2ZW5jb2RlX3RhZyI6InZ0c192b2RfdXJsZ2VuLjcyMC5jbGlwcyJ9&_nc_ohc=hkgK5Ug6pzQAX-L5t37&_nc_ht=video.cdninstagram.com&edm=AM6HXa8EAAAA&oh=00_AfCOyveu9h22tZBinqitex2XmfSzCSzIgPK7jC6dZaKUYA&oe=63E8C210&_nc_rid=3f7348bf62,https://www.instagram.com/reel/CbqowTRJ4uV/,17859313904683242,"[{'timestamp': '2022-03-29T04:16:52+0000', 'text': 'Need taste testers? üò¨', 'username': 'wendyky_powerlifting', 'like_count': 0, 'id': '18228274249111872'}, {'timestamp': '2022-03-29T03:40:22+0000', 'text': 'That looks amazing!', 'username': 'capria.care', 'like_count': 0, 'id': '17960565481627134'}, {'timestamp': '2022-03-29T01:05:55+0000', 'text': 'Damn that looks delicious!', 'username': 'kristenbartel', 'like_count': 0, 'id': '17933509862080945'}]",https://scontent.cdninstagram.com/v/t51.29350-15/277401568_681522926226829_1555634110490113689_n.jpg?_nc_cat=104&ccb=1-7&_nc_sid=8ae9d6&_nc_ohc=ZA4E-9SlPA8AX_Fc8GL&_nc_ht=scontent.cdninstagram.com&edm=AM6HXa8EAAAA&oh=00_AfCGkz-H_BliIZSh39RUvTDNLim9TFrOp2n6qWk1bIlJgw&oe=63ECF603,2022-03-28,2022,3,13,0,23:38:22,23
30,2022-03-26 03:29:55+00:00,performance ‚Äô improve linearly  persistence key make progress  felt like regress hand balance skill  take week handstand practice reduce fatigue olympic lift competition  allow improvement hand balance finally reveal  people surprise thing handstand class  try understand difficulty variation  revelation week better stabilize core ‚Äîtensing right place  right amount  right time  skill work  could instrument  dance  sport  ,23,7,CAROUSEL_ALBUM,FEED,https://scontent.cdninstagram.com/v/t51.29350-15/277358252_156023980144040_2256692612144712586_n.jpg?_nc_cat=100&ccb=1-7&_nc_sid=8ae9d6&_nc_ohc=4ohtWcLxB98AX9xokkN&_nc_ht=scontent.cdninstagram.com&edm=AM6HXa8EAAAA&oh=00_AfCgmbcmjB0_WuS4QKo1h4VUC82fHb1awj9F6QvYzHj48A&oe=63EDE4C1,https://www.instagram.com/p/CbjU_OWL4LC/,17866350896687196,"[{'timestamp': '2022-03-26T13:28:59+0000', 'text': 'üôåüëèüí™üèº oh that‚Äôs amazing!', 'username': 'monikafronc_pilatesportal.ca', 'like_count': 1, 'id': '17935015801921268'}, {'timestamp': '2022-03-26T03:46:52+0000', 'text': 'Woo hoo! üôåüëè', 'username': 'wendyky_powerlifting', 'like_count': 1, 'id': '18085883149294690'}, {'timestamp': '2022-03-26T03:44:03+0000', 'text': 'Good Silvia! Keep working hard, things are starting to click. üî•', 'username': 'jfvtraining', 'like_count': 2, 'id': '17938675498870124'}, {'timestamp': '2022-03-26T03:42:11+0000', 'text': 'Gj', 'username': 'shmarbles87', 'like_count': 1, 'id': '17920197998185818'}, {'timestamp': '2022-03-26T03:36:27+0000', 'text': 'Well done @silvialiftsweights and @jfvtraining üëäüèΩüëäüèΩü§∏üèª\u200d‚ôÄÔ∏è', 'username': 'anthony.agtarap', 'like_count': 2, 'replies': {'data': [{'timestamp': '2022-03-26T03:46:43+0000', 'text': '@jfvtraining üíØ', 'username': 'anthony.agtarap', 'like_count': 1, 'id': '17918210342207220'}, {'timestamp': '2022-03-26T03:44:43+0000', 'text': '@anthony.agtarap Silvia sure has been doing her homework! üí™üèº', 'username': 'jfvtraining', 'like_count': 1, 'id': '17904000638442824'}]}, 'id': '17893002611514711'}]",,2022-03-26,2022,3,12,5,03:29:55,3
31,2022-03-10 00:49:44+00:00,ube  purple yam  protein cheesecake ,14,3,CAROUSEL_ALBUM,FEED,https://scontent.cdninstagram.com/v/t51.29350-15/275450798_5317710624920193_6661876963549881330_n.jpg?_nc_cat=100&ccb=1-7&_nc_sid=8ae9d6&_nc_ohc=SHrCkobToqEAX96eC1W&_nc_ht=scontent.cdninstagram.com&edm=AM6HXa8EAAAA&oh=00_AfDULBTZgbW7n4vs3C11CGgf7KsJhXujbbP0nvxa1zTTLw&oe=63ED2E9E,https://www.instagram.com/p/Ca5178jpNFZ/,17927095397151820,"[{'timestamp': '2022-03-10T08:39:06+0000', 'text': 'yummmm!', 'username': 'kaichang_kevin', 'like_count': 0, 'id': '18010923019379833'}, {'timestamp': '2022-03-10T05:05:21+0000', 'text': 'It looks delicious ü§§', 'username': 'monikafronc_pilatesportal.ca', 'like_count': 0, 'replies': {'data': [{'timestamp': '2022-03-10T06:36:04+0000', 'text': '@monika_fronc_pilatesportal , It is pretty good', 'username': 'silvialiftsweights', 'like_count': 1, 'id': '17995067638428277'}]}, 'id': '17932679870059202'}]",,2022-03-10,2022,3,10,3,00:49:44,0
32,2022-02-21 20:41:20+00:00,rest day mean motor skill practice day  move rest day  ,23,0,CAROUSEL_ALBUM,FEED,https://scontent.cdninstagram.com/v/t51.29350-15/274327818_627444164994901_6360340246031353856_n.jpg?_nc_cat=109&ccb=1-7&_nc_sid=8ae9d6&_nc_ohc=T2HBzpDfZVMAX-kbmXe&_nc_ht=scontent.cdninstagram.com&edm=AM6HXa8EAAAA&oh=00_AfDa7iWjnpwS3wl9taOJZz15l4yGaFlkN29yfT_aH_3TqA&oe=63ED78D3,https://www.instagram.com/p/CaQMyq9BCqk/,17926139408133923,,,2022-02-21,2022,2,8,0,20:41:20,20
33,2022-02-13 02:32:51+00:00,twist messier plate üò¨ ,6,0,VIDEO,REELS,https://video.cdninstagram.com/v/t50.33967-16/273947498_704257253906762_4701823596373282555_n.mp4?_nc_cat=102&vs=3171858789710142_560943154&_nc_vs=HBksFQAYJEdHb2JWQkJLR1hPcmhJQUNBUHNPWVVxbU8wQkJicV9FQUFBRhUAAsgBABUAGCRHRmxtVHhBTnhCTjR5U01QQUhwbV9MTGYzNUlTYnFfRUFBQUYVAgLIAQAoABgAGwGIB3VzZV9vaWwBMRUAACb%2BjN3DtvbvPxUCKAJDMywXQElmZmZmZmYYEmRhc2hfYmFzZWxpbmVfMV92MREAdQAA&ccb=1-7&_nc_sid=59939d&efg=eyJ2ZW5jb2RlX3RhZyI6InZ0c192b2RfdXJsZ2VuLjcyMC5jbGlwcyJ9&_nc_ohc=Xa1wJ_DQgq0AX99LBc9&_nc_ht=video.cdninstagram.com&edm=AM6HXa8EAAAA&oh=00_AfDkyUGWBKUqZ6qdHBYq9QwuNXUVVQiqRfqUlWO2KrRZvQ&oe=63E8EB0D&_nc_rid=8a643a0540,https://www.instagram.com/reel/CZ5p0UPAVrm/,17985623290453136,,https://scontent.cdninstagram.com/v/t51.29350-15/273742738_3147498578852968_2427068528953012587_n.jpg?_nc_cat=102&ccb=1-7&_nc_sid=8ae9d6&_nc_ohc=CUiMdPgpZnMAX9OlTMi&_nc_ht=scontent.cdninstagram.com&edm=AM6HXa8EAAAA&oh=00_AfBC9Aj-cS8-30cwrrjAhV5mtk0QpF3sgUq2Ltv9ztfMBw&oe=63ECF2F8,2022-02-13,2022,2,6,6,02:32:51,2
34,2022-02-12 17:45:06+00:00,<Empty>,13,0,IMAGE,FEED,https://scontent.cdninstagram.com/v/t51.29350-15/273816912_932279974315927_8265498734286249510_n.jpg?_nc_cat=100&ccb=1-7&_nc_sid=8ae9d6&_nc_ohc=2skpHvpLyIgAX9bhRQQ&_nc_ht=scontent.cdninstagram.com&edm=AM6HXa8EAAAA&oh=00_AfAaHxVsZ_Fp1L7aFkpz7qs-wewcgg8w6PHc1VGMMY0xlQ&oe=63EE3104,https://www.instagram.com/p/CZ4td_bJnuA/,17905661879449042,,,2022-02-12,2022,2,6,5,17:45:06,17
35,2022-02-12 17:41:06+00:00,cream puff steroid ,18,3,IMAGE,FEED,https://scontent.cdninstagram.com/v/t51.29350-15/273704294_1311697129335101_2381689038671365610_n.jpg?_nc_cat=109&ccb=1-7&_nc_sid=8ae9d6&_nc_ohc=gSkghzggV24AX_u5txl&_nc_ht=scontent.cdninstagram.com&edm=AM6HXa8EAAAA&oh=00_AfBjthz9um--mXmgTMxtjEo6isQzsHxwNxPXjFNx88oClA&oe=63ECBE8C,https://www.instagram.com/p/CZ4tAr2pClY/,18010539385360360,"[{'timestamp': '2022-02-12T17:55:24+0000', 'text': 'Excuse me?!?! That looks amazing üòçüòç', 'username': 'radicallinds', 'like_count': 0, 'replies': {'data': [{'timestamp': '2022-02-12T18:01:22+0000', 'text': '@silvialiftsweights I figured! Every now and then I dream of that pi√±a colada cream puff üí≠‚ù§Ô∏è', 'username': 'radicallinds', 'like_count': 1, 'id': '17921813450313641'}, {'timestamp': '2022-02-12T18:00:23+0000', 'text': '@radicallinds it was from the same place where we got the pi√±a colada one üòã', 'username': 'silvialiftsweights', 'like_count': 0, 'id': '18151380004235126'}]}, 'id': '17929218830041330'}]",,2022-02-12,2022,2,6,5,17:41:06,17
36,2022-02-08 23:44:09+00:00,think flavour protein cheesecake biggest hit parent  serve  recipe <Number> g protein <Number> calorie long use <Number> cal sweetener <Handle> <Number>  dry curd cottage cheese  use <Number> g durian  adjust amount durian accord preference  #protein #cheesecake #proteincheesecake #ketorecipes #healthyrecipes #healthydesserts #foodporn #lowcarbdesserts #easyrecipes #durian #lunarnewyear #voluptacommunity ,14,0,VIDEO,REELS,https://video.cdninstagram.com/v/t50.33967-16/10000000_360047302609761_1808812100548307355_n.mp4?_nc_cat=100&vs=1105408010032016_2908666490&_nc_vs=HBksFQAYJEdJQ1dtQUJoQzVNTGRrY0JBSnNwbko0Rk1Sb1picV9FQUFBRhUAAsgBABUAGCRHRFZ2VEJDN2tUb1hlTUlEQUI0OWM0QzE2a2NDYnFfRUFBQUYVAgLIAQAoABgAGwGIB3VzZV9vaWwBMRUAACbQoprG6o2PQBUCKAJDMywXQElczMzMzM0YEmRhc2hfYmFzZWxpbmVfMV92MREAdQAA&ccb=1-7&_nc_sid=59939d&efg=eyJ2ZW5jb2RlX3RhZyI6InZ0c192b2RfdXJsZ2VuLjcyMC5jbGlwcyJ9&_nc_ohc=QAdAN1oyRMIAX9xM2LS&_nc_ht=video.cdninstagram.com&edm=AM6HXa8EAAAA&oh=00_AfBFldvIPywEmsSuDKy1V3Xs_1G4jmKDv8fnpEHAmk06mw&oe=63E8E213&_nc_rid=c097cd8ffd,https://www.instagram.com/reel/CZvC9YVgtuF/,17938683367880968,,https://scontent.cdninstagram.com/v/t51.29350-15/273452174_343637887626595_5791811373162099367_n.jpg?_nc_cat=110&ccb=1-7&_nc_sid=8ae9d6&_nc_ohc=ad71fyUvy0QAX_NN1J9&_nc_ht=scontent.cdninstagram.com&edm=AM6HXa8EAAAA&oh=00_AfAOC51F8A0zNVTKTOr0sCb-2BwcCmBotG0M6UnLizdzGw&oe=63ED1211,2022-02-08,2022,2,6,1,23:44:09,23
37,2022-02-06 22:35:53+00:00,felt like plateau handstand balance  despite  keep practise coach tell normal take long time  ‚Äô feel better balance  particularly version face away wall  skill work  ,29,1,VIDEO,REELS,https://video.cdninstagram.com/v/t50.33967-16/273545357_462562322243402_2988963600689387089_n.mp4?_nc_cat=111&vs=620596062355276_928408350&_nc_vs=HBksFQAYJEdJMzRUUkJLWF9ldXNxUUJBRkhXcVFHUDdub3BicV9FQUFBRhUAAsgBABUAGCRHTnpWU3hCRjhuMEYwVlVDQU1yZS1yaVNPamNMYnFfRUFBQUYVAgLIAQAoABgAGwGIB3VzZV9vaWwBMRUAACamu93TxdbVPxUCKAJDMywXQEm%2FGp%2B%2BdskYEmRhc2hfYmFzZWxpbmVfMV92MREAdQAA&ccb=1-7&_nc_sid=59939d&efg=eyJ2ZW5jb2RlX3RhZyI6InZ0c192b2RfdXJsZ2VuLjcyMC5jbGlwcyJ9&_nc_ohc=-Iw-fczszJUAX-gjwAI&_nc_ht=video.cdninstagram.com&edm=AM6HXa8EAAAA&oh=00_AfDtWEVkXHL9WcHwBnUBD18iNDH1Rit7D8c_qsFtTcdttA&oe=63E8E5C1&_nc_rid=aad5639c30,https://www.instagram.com/reel/CZpxtTzA7HE/,18109136365285595,"[{'timestamp': '2022-02-06T23:33:48+0000', 'text': 'Same as you different variations. Keep it up plates for this are going to happen. I look for the smallest of victories  in progress to keep me moving forward.', 'username': 'shmarbles87', 'like_count': 1, 'id': '17932447585956654'}]",https://scontent.cdninstagram.com/v/t51.29350-15/273479436_981271799479787_5943523200239426201_n.jpg?_nc_cat=107&ccb=1-7&_nc_sid=8ae9d6&_nc_ohc=llVT81lqj90AX-PB-Tu&_nc_ht=scontent.cdninstagram.com&edm=AM6HXa8EAAAA&oh=00_AfCoMMsiMSw3pBbYa6HhoJbz9yn92Q-Va2eNVf_2FCoofg&oe=63EDE0D5,2022-02-06,2022,2,5,6,22:35:53,22
38,2022-01-31 00:18:15+00:00,‚Äô interest experiment little tweak tension  position  weight shift #handstand ,8,0,VIDEO,REELS,https://video.cdninstagram.com/v/t50.33967-16/272958541_612930646447927_9010049395083826013_n.mp4?_nc_cat=101&vs=632923801275504_1896982178&_nc_vs=HBksFQAYJEdFMEVSUkEzRjNRSmRTMENBRjNUc1FJd0lBcDlicV9FQUFBRhUAAsgBABUAGCRHRUU3UXhEeGZ4Q2lGMFlDQURBcFZVZlNVeGxTYnFfRUFBQUYVAgLIAQAoABgAGwGIB3VzZV9vaWwBMRUAACagg5TNjIXiPxUCKAJDMywXQEx64UeuFHsYEmRhc2hfYmFzZWxpbmVfMV92MREAdQAA&ccb=1-7&_nc_sid=59939d&efg=eyJ2ZW5jb2RlX3RhZyI6InZ0c192b2RfdXJsZ2VuLjcyMC5jbGlwcyJ9&_nc_ohc=9tPHlQsPcUEAX9DQzfm&_nc_ht=video.cdninstagram.com&edm=AM6HXa8EAAAA&oh=00_AfC74Zu0of-syrj1rKs16ZpifRxEXJRO08t7l9sw-P1tlA&oe=63E8BDA1&_nc_rid=a3737bc9aa,https://www.instagram.com/reel/CZX75MHv-ap/,17955998674608401,,https://scontent.cdninstagram.com/v/t51.29350-15/272973519_670545780645435_7754159935961845050_n.jpg?_nc_cat=101&ccb=1-7&_nc_sid=8ae9d6&_nc_ohc=Yk0qVrnTUacAX925KQS&_nc_ht=scontent.cdninstagram.com&edm=AM6HXa8EAAAA&oh=00_AfDZGG4c7rX-GMupY3VopEokpFNq7mPZd-0QvEORMU70Kg&oe=63EDDAE4,2022-01-31,2022,1,5,0,00:18:15,0
39,2022-01-29 23:37:52+00:00,couple time someone Ôøºrecognized mask  impress could tell recognize mask context  ÔøºÔøº friend post first think cool see asian female athlete tv  read write  ÔøºÔøº ,64,4,IMAGE,FEED,https://scontent.cdninstagram.com/v/t51.29350-15/272823187_296325119146031_3389369555818353560_n.jpg?_nc_cat=108&ccb=1-7&_nc_sid=8ae9d6&_nc_ohc=GK2rf1Hn638AX-cAkHL&_nc_ht=scontent.cdninstagram.com&edm=AM6HXa8EAAAA&oh=00_AfBgNqOF4r5iogBn6GYwOc0nknDKcZ-oKl6LYpRQBVeWJQ&oe=63EC848E,https://www.instagram.com/p/CZVStgnvrAn/,18148518601242451,"[{'timestamp': '2022-01-30T01:26:16+0000', 'text': 'So cool !!', 'username': 'rachelpowerlifting', 'like_count': 1, 'id': '17934867607933311'}, {'timestamp': '2022-01-29T23:52:36+0000', 'text': 'üëèüëè', 'username': 'salimashakoor', 'like_count': 0, 'id': '17882040977615222'}, {'timestamp': '2022-01-29T23:41:40+0000', 'text': 'You‚Äôre famous!!', 'username': 'robertnels', 'like_count': 0, 'replies': {'data': [{'timestamp': '2022-01-29T23:42:32+0000', 'text': '@robertnels now I just sit and monitor my DM‚Äôs for all the requests for more TV appearances', 'username': 'silvialiftsweights', 'like_count': 5, 'id': '17913164579188177'}]}, 'id': '17917744940107899'}]",,2022-01-29,2022,1,4,5,23:37:52,23
40,2022-01-12 00:30:06+00:00,get fear  first handstand hold wall facing handstand basically advance plank  emphasize shoulder stability standard plank  benefit handstand  even desk job  ‚Ä¢ train core glut support healthy back  ‚Ä¢ help maintain good posture  handstand  need adequate overhead mobility thoracic mobility  dont tend challenge enough day day activity  use lose    ‚Ä¢ strengthen muscle help improve posture keep shoulder pain free  rotator cuff  serratus anterior  lower trapezius  step  <Number>  keep ab tight walk hand foot handstand position  <Number>  hold  push floor away keep shoulder muscle active  <Number>  ensure good core stability keep rib pull towards spine  word  maintain good hollow body position  muscle butt front thigh also tense  upper body core  <Number>  goal bring hand close wall  start horizontal position need gradually work towards vertical position improve strength stability  whatever position choose  always push floor away keep rib pull towards spine  give try  leave comment go  #stem #science #technology #engineer #medicine #scientist #research #academic #homeworkout #vancouver #yvr #personaltrainer #kinesiology posture ,7,2,VIDEO,REELS,https://video.cdninstagram.com/v/t50.33967-16/271309149_672296370591362_6247352759505149381_n.mp4?_nc_cat=105&vs=451715443248581_3266517936&_nc_vs=HBksFQAYJEdGM1pLeENDVmxveWMyTUNBTVZkM0NBOERyTldicV9FQUFBRhUAAsgBABUAGCRHTXpVTHhDbW1wa2FZamdCQUptOUVZUGRKUnhrYnFfRUFBQUYVAgLIAQAoABgAGwGIB3VzZV9vaWwBMRUAACbyoMmAw6rRPxUCKAJDMywXQEwRBiTdLxsYEmRhc2hfYmFzZWxpbmVfMV92MREAdQAA&ccb=1-7&_nc_sid=59939d&efg=eyJ2ZW5jb2RlX3RhZyI6InZ0c192b2RfdXJsZ2VuLjcyMC5jbGlwcyJ9&_nc_ohc=s6hRVOQ8eaoAX9-GoYi&_nc_ht=video.cdninstagram.com&edm=AM6HXa8EAAAA&oh=00_AfATRgvUVvOUuBXLDCcHacp8034e4zdArItwbOjdCjTWpw&oe=63E8F1E5&_nc_rid=f3ded856fc,https://www.instagram.com/reel/CYnCTZjjdUV/,17992969873413337,"[{'timestamp': '2022-01-20T15:43:33+0000', 'text': 'üî•üî•üî•', 'username': 'team.gud', 'like_count': 1, 'id': '17889219008556634'}, {'timestamp': '2022-01-12T06:09:05+0000', 'text': '@dundundolphin__ , lemme know if you ever give this a try!', 'username': 'silvialiftsweights', 'like_count': 0, 'id': '17909756156213908'}]",https://scontent.cdninstagram.com/v/t51.29350-15/271756616_1075491609961543_1578402013886680004_n.jpg?_nc_cat=106&ccb=1-7&_nc_sid=8ae9d6&_nc_ohc=scsmmxb6EmcAX-VOUf0&_nc_ht=scontent.cdninstagram.com&edm=AM6HXa8EAAAA&oh=00_AfAB_1LYaDyJaAVARm4657HqAWn5Tv_87nZxQlAf7ycfag&oe=63EE24D7,2022-01-12,2022,1,2,2,00:30:06,0
